/*
Navicat MySQL Data Transfer

Source Server         : 120.79.181.56
Source Server Version : 50643
Source Host           : 120.79.181.56:3306
Source Database       : yugui

Target Server Type    : MYSQL
Target Server Version : 50643
File Encoding         : 65001

Date: 2019-09-21 17:27:43
*/

SET FOREIGN_KEY_CHECKS=0;

-- ----------------------------
-- Table structure for company
-- ----------------------------
DROP TABLE IF EXISTS `company`;
CREATE TABLE `company` (
  `id` bigint(20) NOT NULL AUTO_INCREMENT COMMENT '主键id',
  `companyUse` varchar(255) DEFAULT NULL COMMENT '公司名称',
  `companyAddress` varchar(255) DEFAULT NULL COMMENT '公司地址',
  `companyContacts` varchar(255) DEFAULT NULL COMMENT '公司联系人',
  `telephone` varchar(255) DEFAULT NULL COMMENT '电话号码',
  `enable` int(255) DEFAULT '1' COMMENT '是否启用 1启用 0不启用',
  `updateTime` varchar(255) DEFAULT NULL,
  `createTime` varchar(255) DEFAULT NULL,
  PRIMARY KEY (`id`)
) ENGINE=InnoDB AUTO_INCREMENT=12 DEFAULT CHARSET=utf8;

-- ----------------------------
-- Records of company
-- ----------------------------
INSERT INTO `company` VALUES ('1', '深圳市御材科技有限公司', '深圳市龙岗区长发中路19号奥雅大厦504号', '黄鹏', '15574388888', '1', '2019/09/04 16:46:56', '2019/08/21 15:02:11');
INSERT INTO `company` VALUES ('2', '广西西江锅炉制造有限公司 ', '广西梧州市龙圩镇西南大道359号', '余思远', '15580774058', '1', '2019/09/04 14:38:31', '2019/08/21 15:02:11');
INSERT INTO `company` VALUES ('3', '广西南宁国发锅炉有限公司', '广西南宁横县马岭镇城南街', '陆光辉', '0771-7420998', '1', '2019/09/04 14:38:31', '2019/08/21 15:02:11');
INSERT INTO `company` VALUES ('4', '广西挺佳锅炉有限公司', '广西容县经济开区工业大道73号', '何岩冰', '0775-5323780', '1', '2019/09/04 14:38:31', '2019/08/21 15:02:11');
INSERT INTO `company` VALUES ('5', '深圳市腾讯科技有限公司', '广东省深圳市南山区腾讯科技大厦', '张飞', '13789175366', '1', '2019/09/04 14:38:31', '2019/08/27 17:44:38');
INSERT INTO `company` VALUES ('6', '深圳市百度科技有限公司', '广东省深圳市南山区百度科技大厦', '刘备', '13789175344', '1', '2019/09/04 14:38:31', '2019/08/27 17:45:41');
INSERT INTO `company` VALUES ('7', '深圳市中兴科技有限公司', '广东省深圳市南山区中兴科技大厦', '关羽', '1378917536666', '1', '2019/09/04 14:38:31', '2019/08/27 17:45:59');
INSERT INTO `company` VALUES ('8', '深圳市德邦科技有限公司', '广东省深圳市南山区德邦科技大厦', '啊飒飒', '13154825111', '1', '2019/09/04 14:38:31', '2019/08/28 18:05:27');
INSERT INTO `company` VALUES ('9', '御材科技', '广西梧州市龙圩镇西南大道359号', '韦家聪', '13082223442', '1', '2019/09/04 14:38:31', '2019/08/30 10:48:32');
INSERT INTO `company` VALUES ('10', '华为技术有限公司', '奥雅大厦', '十五点', '13082223442', '1', '2019/09/04 15:41:52', '2019/08/30 10:48:32');
INSERT INTO `company` VALUES ('11', '苹果科技', '广东省深圳市南山区苹果科技大厦', '乔布斯1', '13082223442', '1', '2019/09/04 16:47:15', '2019/08/30 10:48:32');

-- ----------------------------
-- Table structure for record
-- ----------------------------
DROP TABLE IF EXISTS `record`;
CREATE TABLE `record` (
  `id` bigint(20) NOT NULL AUTO_INCREMENT COMMENT '主键id',
  `user_name` varchar(255) DEFAULT NULL COMMENT '操作人',
  `message` varchar(255) DEFAULT NULL COMMENT '信息',
  `reportNo` varchar(255) DEFAULT NULL COMMENT '报告编号',
  `preUser` varchar(255) DEFAULT NULL COMMENT '处理人',
  `operation_time` varchar(255) DEFAULT NULL COMMENT '操作时间',
  `operationType` varchar(255) DEFAULT NULL COMMENT '操作类型',
  `enable` int(11) DEFAULT '1' COMMENT '是否删除状态默认1 删除为0',
  PRIMARY KEY (`id`)
) ENGINE=InnoDB AUTO_INCREMENT=63 DEFAULT CHARSET=utf8;

-- ----------------------------
-- Records of record
-- ----------------------------
INSERT INTO `record` VALUES ('1', 'admin', '@{userName}新建了一份报告: @{reportNo}', 'FD/L-2019-000001', null, '2019-09-21T10:05:45.282Z', 'notification', '0');
INSERT INTO `record` VALUES ('2', 'admin', '@{userName}向@{preUser}提交了审核报告：@{reportNo}', 'FD/L-2019-000001', 'admin', '2019-09-21T10:06:00.372Z', 'event', '0');
INSERT INTO `record` VALUES ('3', 'admin', '@{userName}新建了一份报告: @{reportNo}', 'FD/L-2019-000002', null, '2019-09-21T10:07:14.115Z', 'notification', '0');
INSERT INTO `record` VALUES ('4', 'user9', '@{userName}向@{preUser}提交了审核报告：@{reportNo}', 'FD/L-2019-000002', 'hp', '2019-09-21T10:09:56.116Z', 'event', '0');
INSERT INTO `record` VALUES ('5', 'user9', '@{userName}新建了一份报告: @{reportNo}', 'FD/L-2019-000003', null, '2019-09-21T10:18:05.714Z', 'notification', '0');
INSERT INTO `record` VALUES ('6', 'user9', '@{userName}新建了一份报告: @{reportNo}', 'FD/L-2019-000004', null, '2019-09-21T10:21:11.636Z', 'notification', '1');
INSERT INTO `record` VALUES ('7', 'user9', '@{userName}新建了一份报告: @{reportNo}', 'FD/L-2019-000005', null, '2019-09-21T10:25:28.097Z', 'notification', '1');
INSERT INTO `record` VALUES ('8', 'user9', '@{userName}新建了一份报告: @{reportNo}', 'FD/L-2019-000006', null, '2019-09-21T10:29:34.127Z', 'notification', '1');
INSERT INTO `record` VALUES ('9', 'user9', '@{userName}新建了一份报告: @{reportNo}', 'FD/L-2019-000007', null, '2019-09-21T10:32:24.354Z', 'notification', '1');
INSERT INTO `record` VALUES ('10', 'user9', '@{userName}新建了一份报告: @{reportNo}', 'FD/L-2019-000008', null, '2019-09-21T10:34:42.425Z', 'notification', '1');
INSERT INTO `record` VALUES ('11', 'user9', '@{userName}新建了一份报告: @{reportNo}', 'FD/L-2019-000009', null, '2019-09-21T10:37:32.653Z', 'notification', '0');
INSERT INTO `record` VALUES ('12', 'user9', '@{userName}新建了一份报告: @{reportNo}', 'FD/L-2019-000010', null, '2019-09-21T10:43:15.341Z', 'notification', '1');
INSERT INTO `record` VALUES ('13', 'user9', '@{userName}向@{preUser}提交了审核报告：@{reportNo}', 'FD/L-2019-000003', 'hp', '2019-09-21T10:46:16.067Z', 'event', '1');
INSERT INTO `record` VALUES ('14', 'user9', '@{userName}向@{preUser}提交了审核报告：@{reportNo}', 'FD/L-2019-000010', 'hp', '2019-09-21T10:46:36.855Z', 'event', '1');
INSERT INTO `record` VALUES ('15', 'user9', '@{userName}新建了一份报告: @{reportNo}', 'FD/L-2019-000011', null, '2019-09-21T10:48:14.999Z', 'notification', '1');
INSERT INTO `record` VALUES ('16', 'user9', '@{userName}新建了一份报告: @{reportNo}', 'FD/L-2019-000012', null, '2019-09-21T10:49:24.051Z', 'notification', '1');
INSERT INTO `record` VALUES ('17', 'hp', '@{userName}新建了一份报告: @{reportNo}', 'FD/L-2019-000013', null, '2019-09-21T10:51:00.528Z', 'notification', '0');
INSERT INTO `record` VALUES ('18', 'hp', '@{userName}新建了一份报告: @{reportNo}', 'FD/L-2019-000014', null, '2019-09-21T10:52:27.794Z', 'notification', '0');
INSERT INTO `record` VALUES ('19', 'user', '@{userName}新建了一份报告: @{reportNo}', 'FD/L-2019-000015', null, '2019-09-21T10:58:57.310Z', 'notification', '1');
INSERT INTO `record` VALUES ('20', 'user', '@{userName}新建了一份报告: @{reportNo}', 'FD/L-2019-000016', null, '2019-09-21T11:02:30.551Z', 'notification', '1');
INSERT INTO `record` VALUES ('21', 'admin', '@{userName}审核了报告: @{reportNo}', 'FD/L-2019-000001', null, '2019-09-21T11:06:21.850Z', 'notification', '0');
INSERT INTO `record` VALUES ('22', 'user', '@{userName}新建了一份报告: @{reportNo}', 'FD/L-2019-000017', null, '2019-09-21T11:06:50.087Z', 'notification', '1');
INSERT INTO `record` VALUES ('23', 'user', '@{userName}新建了一份报告: @{reportNo}', 'FD/L-2019-000018', null, '2019-09-21T11:07:49.427Z', 'notification', '1');
INSERT INTO `record` VALUES ('24', 'user', '@{userName}新建了一份报告: @{reportNo}', 'FD/L-2019-000019', null, '2019-09-21T11:09:17.592Z', 'notification', '1');
INSERT INTO `record` VALUES ('25', 'user', '@{userName}新建了一份报告: @{reportNo}', 'FD/L-2019-000020', null, '2019-09-21T11:11:56.331Z', 'notification', '1');
INSERT INTO `record` VALUES ('26', 'admin', '@{userName}向@{preUser}提交了审批报告：@{reportNo}', 'FD/L-2019-000001', 'admin', '2019-09-21T11:12:03.202Z', 'event', '0');
INSERT INTO `record` VALUES ('27', 'admin', '@{userName}审批了报告: @{reportNo}', 'FD/L-2019-000001', null, '2019-09-21T11:13:00.218Z', 'notification', '0');
INSERT INTO `record` VALUES ('28', 'user', '@{userName}新建了一份报告: @{reportNo}', 'FD/L-2019-000021', null, '2019-09-21T11:13:26.613Z', 'notification', '1');
INSERT INTO `record` VALUES ('29', 'user9', '@{userName}向@{preUser}提交了审核报告：@{reportNo}', 'FD/L-2019-000012', 'admin', '2019-09-21T11:13:36.203Z', 'event', '0');
INSERT INTO `record` VALUES ('30', 'user', '@{userName}新建了一份报告: @{reportNo}', 'FD/L-2019-000022', null, '2019-09-21T11:14:28.508Z', 'notification', '1');
INSERT INTO `record` VALUES ('31', 'user', '@{userName}新建了一份报告: @{reportNo}', 'FD/L-2019-000023', null, '2019-09-21T11:16:18.634Z', 'notification', '1');
INSERT INTO `record` VALUES ('32', 'user', '@{userName}新建了一份报告: @{reportNo}', 'FD/L-2019-000024', null, '2019-09-21T11:25:20.969Z', 'notification', '1');
INSERT INTO `record` VALUES ('33', 'user9', '@{userName}向@{preUser}提交了审核报告：@{reportNo}', 'FD/L-2019-000004', 'hp', '2019-09-21T14:26:48.940Z', 'event', '1');
INSERT INTO `record` VALUES ('34', 'user9', '@{userName}向@{preUser}提交了审核报告：@{reportNo}', 'FD/L-2019-000007', 'hp', '2019-09-21T14:26:57.496Z', 'event', '1');
INSERT INTO `record` VALUES ('35', 'hp', '@{userName}向@{preUser}提交了审核报告：@{reportNo}', 'FD/L-2019-000014', 'hp', '2019-09-21T14:32:11.444Z', 'event', '1');
INSERT INTO `record` VALUES ('36', 'hp', '@{userName}向@{preUser}提交了审核报告：@{reportNo}', 'FD/L-2019-000013', 'hp', '2019-09-21T14:32:41.742Z', 'event', '1');
INSERT INTO `record` VALUES ('37', 'hp', '@{userName}向@{preUser}提交了审核报告：@{reportNo}', 'FD/L-2019-000013', 'hp', '2019-09-21T14:32:41.774Z', 'event', '0');
INSERT INTO `record` VALUES ('38', 'user9', '@{userName}新建了一份报告: @{reportNo}', 'FD/L-2019-000025', null, '2019-09-21T15:45:01.555Z', 'notification', '1');
INSERT INTO `record` VALUES ('39', 'user9', '@{userName}向@{preUser}提交了审核报告：@{reportNo}', 'FD/L-2019-000025', 'hp', '2019-09-21T15:45:47.868Z', 'event', '1');
INSERT INTO `record` VALUES ('40', 'user', '@{userName}新建了一份报告: @{reportNo}', 'FD/L-2019-000026', null, '2019-09-21T15:46:55.576Z', 'notification', '1');
INSERT INTO `record` VALUES ('41', 'user', '@{userName}向@{preUser}提交了审核报告：@{reportNo}', 'FD/L-2019-000026', 'hp', '2019-09-21T15:47:07.733Z', 'event', '1');
INSERT INTO `record` VALUES ('42', 'hp', '@{userName}审核了报告: @{reportNo}', 'FD/L-2019-000002', null, '2019-09-21T15:54:16.366Z', 'notification', '1');
INSERT INTO `record` VALUES ('43', 'hp', '@{userName}审核了报告: @{reportNo}', 'FD/L-2019-000003', null, '2019-09-21T15:55:50.423Z', 'notification', '1');
INSERT INTO `record` VALUES ('44', 'hp', '@{userName}审核了报告: @{reportNo}', 'FD/L-2019-000026', null, '2019-09-21T15:58:37.607Z', 'notification', '1');
INSERT INTO `record` VALUES ('45', 'hp', '@{userName}审核了报告: @{reportNo}', 'FD/L-2019-000025', null, '2019-09-21T16:00:38.364Z', 'notification', '1');
INSERT INTO `record` VALUES ('46', 'admin', '@{userName}归档了报告: @{reportNo}', 'FD/L-2019-000001', null, '2019-09-21T16:09:06.079Z', 'notification', '0');
INSERT INTO `record` VALUES ('47', 'admin', '@{userName}向@{preUser}提交了审批报告：@{reportNo}', 'FD/L-2019-000025', 'admin', '2019-09-21T16:20:44.569Z', 'event', '0');
INSERT INTO `record` VALUES ('48', 'admin', '@{userName}向@{preUser}提交了审批报告：@{reportNo}', 'FD/L-2019-000026', 'admin', '2019-09-21T16:20:52.179Z', 'event', '0');
INSERT INTO `record` VALUES ('49', 'admin', '@{userName}向@{preUser}提交了审批报告：@{reportNo}', 'FD/L-2019-000003', 'admin', '2019-09-21T16:21:03.352Z', 'event', '0');
INSERT INTO `record` VALUES ('50', 'admin', '@{userName}向@{preUser}提交了审批报告：@{reportNo}', 'FD/L-2019-000002', 'admin', '2019-09-21T16:21:12.285Z', 'event', '0');
INSERT INTO `record` VALUES ('51', 'admin', '@{userName}审批了报告: @{reportNo}', 'FD/L-2019-000002', null, '2019-09-21T16:21:55.348Z', 'notification', '0');
INSERT INTO `record` VALUES ('52', 'admin', '@{userName}审批了报告: @{reportNo}', 'FD/L-2019-000003', null, '2019-09-21T16:22:08.264Z', 'notification', '0');
INSERT INTO `record` VALUES ('53', 'admin', '@{userName}审批了报告: @{reportNo}', 'FD/L-2019-000026', null, '2019-09-21T16:22:18.554Z', 'notification', '0');
INSERT INTO `record` VALUES ('54', 'admin', '@{userName}审批了报告: @{reportNo}', 'FD/L-2019-000025', null, '2019-09-21T16:22:28.079Z', 'notification', '0');
INSERT INTO `record` VALUES ('55', 'admin', '@{userName}归档了报告: @{reportNo}', 'FD/L-2019-000025', null, '2019-09-21T16:25:37.263Z', 'notification', '0');
INSERT INTO `record` VALUES ('56', 'admin', '@{userName}归档了报告: @{reportNo}', 'FD/L-2019-000026', null, '2019-09-21T16:25:44.203Z', 'notification', '0');
INSERT INTO `record` VALUES ('57', 'admin', '@{userName}归档了报告: @{reportNo}', 'FD/L-2019-000003', null, '2019-09-21T16:25:50.004Z', 'notification', '0');
INSERT INTO `record` VALUES ('58', 'admin', '@{userName}归档了报告: @{reportNo}', 'FD/L-2019-000002', null, '2019-09-21T16:25:56.862Z', 'notification', '0');
INSERT INTO `record` VALUES ('59', 'admin', '@{userName}新建了一份报告: @{reportNo}', 'FD/L-2019-000027', null, '2019-09-21T16:30:07.792Z', 'notification', '0');
INSERT INTO `record` VALUES ('60', 'admin', '@{userName}向@{preUser}提交了审核报告：@{reportNo}', 'FD/L-2019-000027', 'admin', '2019-09-21T16:30:14.024Z', 'event', '0');
INSERT INTO `record` VALUES ('61', 'user9', '@{userName}向@{preUser}提交了审核报告：@{reportNo}', 'FD/L-2019-000011', 'admin', '2019-09-21T16:35:13.256Z', 'event', '0');
INSERT INTO `record` VALUES ('62', 'admin', '@{userName}审核了报告: @{reportNo}', 'FD/L-2019-000011', null, '2019-09-21T16:37:31.427Z', 'notification', '1');

-- ----------------------------
-- Table structure for user
-- ----------------------------
DROP TABLE IF EXISTS `user`;
CREATE TABLE `user` (
  `user_name` varchar(128) NOT NULL COMMENT '用户名',
  `user_password` varchar(128) NOT NULL COMMENT '用户密码',
  `real_name` varchar(20) DEFAULT NULL COMMENT '姓名',
  `phone` varchar(20) DEFAULT NULL COMMENT '电话',
  `enable` int(1) DEFAULT NULL COMMENT '是否启用',
  `login_time` varchar(255) DEFAULT NULL COMMENT '登陆时间',
  `create_time` varchar(255) DEFAULT NULL,
  `modify_time` varchar(255) DEFAULT NULL,
  `email` varchar(255) DEFAULT NULL COMMENT '邮箱地址',
  `user_level` int(4) DEFAULT NULL COMMENT '用户等级',
  `signature` longtext COMMENT '个人电子签名',
  PRIMARY KEY (`user_name`)
) ENGINE=InnoDB DEFAULT CHARSET=utf8;

-- ----------------------------
-- Records of user
-- ----------------------------
INSERT INTO `user` VALUES ('admin', 'e10adc3949ba59abbe56e057f20f883e', '超级管理员', '13189695458', '1', '2019/09/21 17:20:37', '2019/08/21 11:52:12', '2019/09/21 16:37:31', '838316725@qq.com', '0', null);
INSERT INTO `user` VALUES ('hjk501', 'e10adc3949ba59abbe56e057f20f883e', '超级管理员', '13189695458', '1', '2019/08/22 22:01:46', '2019/08/21 15:02:11', '2019/09/04 16:28:15', '564334892@qq.com', '0', null);
INSERT INTO `user` VALUES ('hjk502', 'e10adc3949ba59abbe56e057f20f883e', '超级管理员', '13189695458', '1', '2019/08/22 20:15:52', '2019/08/21 15:02:59', '2019/09/04 16:28:15', '838352423@qq.com', '0', null);
INSERT INTO `user` VALUES ('hp', 'e10adc3949ba59abbe56e057f20f883e', '审核员', '15848944845', '1', '2019/09/21 17:11:32', '2019/08/23 15:38:47', '2019/09/21 16:00:38', '47879@qq.com', '1', null);
INSERT INTO `user` VALUES ('user9', 'e10adc3949ba59abbe56e057f20f883e', '文员', '13189688888', '1', '2019/09/21 17:06:44', '2019/08/23 18:17:45', '2019/09/20 14:16:20', '838316725@qq.com', '3', null);
INSERT INTO `user` VALUES ('烽火', 'e10adc3949ba59abbe56e057f20f883e', '审批员', '15848944845', '1', '2019/09/20 17:56:48', '2019/08/23 15:47:29', '2019/09/20 17:55:00', '123456@qq.com', '2', null);

-- ----------------------------
-- Table structure for usernotify
-- ----------------------------
DROP TABLE IF EXISTS `usernotify`;
CREATE TABLE `usernotify` (
  `reportNo` varchar(255) CHARACTER SET utf8 NOT NULL,
  `userName` varchar(255) CHARACTER SET utf8 DEFAULT NULL COMMENT '报告处理人',
  `preUser` varchar(255) CHARACTER SET utf8 DEFAULT NULL COMMENT '当前处理人',
  `realName` varchar(255) CHARACTER SET utf8 DEFAULT NULL,
  `flag` int(255) DEFAULT NULL,
  `createTime` varchar(255) CHARACTER SET utf8 DEFAULT NULL,
  PRIMARY KEY (`reportNo`)
) ENGINE=InnoDB DEFAULT CHARSET=latin1;

-- ----------------------------
-- Records of usernotify
-- ----------------------------
INSERT INTO `usernotify` VALUES ('FD/L-2019-000001', 'admin', 'admin', '超级管理员', '5', '2019/09/21 11:12:03');
INSERT INTO `usernotify` VALUES ('FD/L-2019-000002', 'admin', 'admin', '超级管理员', '5', '2019/09/21 16:21:12');
INSERT INTO `usernotify` VALUES ('FD/L-2019-000003', 'admin', 'admin', '超级管理员', '5', '2019/09/21 16:21:03');
INSERT INTO `usernotify` VALUES ('FD/L-2019-000004', 'hp', 'user9', '文员', '1', '2019/09/21 14:26:48');
INSERT INTO `usernotify` VALUES ('FD/L-2019-000007', 'hp', 'user9', '文员', '1', '2019/09/21 14:26:57');
INSERT INTO `usernotify` VALUES ('FD/L-2019-000010', 'hp', 'user9', '文员', '1', '2019/09/21 10:46:36');
INSERT INTO `usernotify` VALUES ('FD/L-2019-000011', 'admin', 'admin', '超级管理员', '2', '2019/09/21 16:35:13');
INSERT INTO `usernotify` VALUES ('FD/L-2019-000012', 'admin', 'user9', '文员', '1', '2019/09/21 11:13:36');
INSERT INTO `usernotify` VALUES ('FD/L-2019-000013', 'hp', 'hp', '审核员', '1', '2019/09/21 14:32:41');
INSERT INTO `usernotify` VALUES ('FD/L-2019-000014', 'hp', 'hp', '审核员', '1', '2019/09/21 14:32:11');
INSERT INTO `usernotify` VALUES ('FD/L-2019-000025', 'admin', 'admin', '超级管理员', '5', '2019/09/21 16:20:44');
INSERT INTO `usernotify` VALUES ('FD/L-2019-000026', 'admin', 'admin', '超级管理员', '5', '2019/09/21 16:20:52');
INSERT INTO `usernotify` VALUES ('FD/L-2019-000027', 'admin', 'admin', '超级管理员', '1', '2019/09/21 16:30:13');

-- ----------------------------
-- Table structure for valvehistory
-- ----------------------------
DROP TABLE IF EXISTS `valvehistory`;
CREATE TABLE `valvehistory` (
  `reportNo` varchar(255) CHARACTER SET utf8 NOT NULL,
  `modifyFlag` int(11) NOT NULL,
  `createName` varchar(255) CHARACTER SET utf8 DEFAULT NULL,
  `createRealName` varchar(255) CHARACTER SET utf8 DEFAULT NULL,
  `createTime` varchar(255) CHARACTER SET utf8 DEFAULT NULL,
  `checkName` varchar(255) CHARACTER SET utf8 DEFAULT NULL,
  `checkRealName` varchar(255) CHARACTER SET utf8 DEFAULT NULL,
  `checkReason` varchar(255) CHARACTER SET utf8 DEFAULT NULL,
  `checkTime` varchar(255) CHARACTER SET utf8 DEFAULT NULL,
  `approveName` varchar(255) CHARACTER SET utf8 DEFAULT NULL,
  `approveRealName` varchar(255) CHARACTER SET utf8 DEFAULT NULL,
  `approveReason` varchar(255) CHARACTER SET utf8 DEFAULT NULL,
  `approveTime` varchar(255) CHARACTER SET utf8 DEFAULT NULL,
  `fileName` varchar(255) CHARACTER SET utf8 DEFAULT NULL COMMENT '归档人',
  `fileRealName` varchar(255) CHARACTER SET utf8 DEFAULT NULL COMMENT '归档人真实姓名',
  `fileTime` varchar(255) CHARACTER SET utf8 DEFAULT NULL COMMENT '归档时间',
  `deviceType` varchar(255) CHARACTER SET utf8 DEFAULT NULL COMMENT '设备型号',
  `nominalDiameter` varchar(255) CHARACTER SET utf8 DEFAULT NULL COMMENT '公称通径',
  `channelDiameter` varchar(255) CHARACTER SET utf8 DEFAULT NULL COMMENT '流道直径',
  `pressureLevel` varchar(255) CHARACTER SET utf8 DEFAULT NULL COMMENT '压力级别范围',
  `madeCompany` varchar(255) CHARACTER SET utf8 DEFAULT NULL COMMENT '制造单位',
  `madeLicenseNo` varchar(255) CHARACTER SET utf8 DEFAULT NULL COMMENT '制造许可证编号',
  `factoryTime` varchar(255) CHARACTER SET utf8 DEFAULT NULL COMMENT '出厂日期',
  `inspectionMode` varchar(255) CHARACTER SET utf8 DEFAULT NULL COMMENT '检验方式:离线或现场检验',
  `gaugeAccuracy` varchar(255) CHARACTER SET utf8 DEFAULT NULL COMMENT '压力表精度',
  `checkMediumTemperature` varchar(255) CHARACTER SET utf8 DEFAULT NULL COMMENT '检验介质温度',
  `checkAppearance` varchar(255) CHARACTER SET utf8 DEFAULT NULL COMMENT '外观检查:合格或不合格',
  `firstSettingPressure` varchar(255) CHARACTER SET utf8 DEFAULT NULL COMMENT '第一次试验实际整定压力',
  `firstSealTestPressure` varchar(255) CHARACTER SET utf8 DEFAULT NULL COMMENT '第一次密封测试压力',
  `secondSettingPressure` varchar(255) CHARACTER SET utf8 DEFAULT NULL COMMENT '第二次试验实际整定压力',
  `secondSealTestPressure` varchar(255) CHARACTER SET utf8 DEFAULT NULL COMMENT '第二次密封测试压力',
  `thirdSettingPressure` varchar(255) CHARACTER SET utf8 DEFAULT NULL COMMENT '第三次试验实际整定压力',
  `thirdSealTestPressure` varchar(255) CHARACTER SET utf8 DEFAULT NULL COMMENT '第三次密封测试压力',
  `checkEffectiveTime` varchar(255) CHARACTER SET utf8 DEFAULT NULL COMMENT '校验有效期',
  PRIMARY KEY (`reportNo`)
) ENGINE=InnoDB DEFAULT CHARSET=latin1;

-- ----------------------------
-- Records of valvehistory
-- ----------------------------
INSERT INTO `valvehistory` VALUES ('FD/L-2019-000001', '5', 'admin', '超级管理员', '2019/09/21 10:05:45', 'admin', '超级管理员', null, '2019/09/21 11:06:21', 'admin', '超级管理员', null, '2019/09/21 11:13:00', 'admin', '超级管理员', '2019/09/21 16:09:06', '东方故事大概', '15mm', '10mm', '0.03Mpa--10Mpa', '法守法都是', '方式是大法官', '2015年06月06日', null, '0.25', '常温', '合格', '0.2Mpa', '0.3Mpa', '0.4Mpa', '0.5Mpa', '0.6Mpa', '0.7Mpa', '2019年09月25日');
INSERT INTO `valvehistory` VALUES ('FD/L-2019-000002', '5', 'admin', '超级管理员', '2019/09/21 10:07:14', 'hp', '审核员', null, '2019/09/21 15:54:16', 'admin', '超级管理员', null, '2019/09/21 16:21:55', 'admin', '超级管理员', '2019/09/21 16:25:56', '东方故事大概', '15mm', '9mm', '0.03Mpa--10Mpa', '法守法都是', '方式是大法官', '2015年06月06日', null, '0.25', '常温', '合格', '0.2Mpa', '0.3Mpa', '0.4Mpa', '0.5Mpa', '0.6Mpa', '0.7Mpa', '2015年06月13日');
INSERT INTO `valvehistory` VALUES ('FD/L-2019-000003', '5', 'user9', '文员', '2019/09/21 10:18:05', 'hp', '审核员', null, '2019/09/21 15:55:50', 'admin', '超级管理员', null, '2019/09/21 16:22:08', 'admin', '超级管理员', '2019/09/21 16:25:49', '不明', '10mm', '6mm', '0.03Mpa--10Mpa', '傻花花卡', '1213-14555Ak75-655', '2015年06月06日', null, '0.25', '52℃', '合格', '1Mpa', '1Mpa', '1Mpa', '1Mpa', '1Mpa', '1Mpa', '2015年06月06日');
INSERT INTO `valvehistory` VALUES ('FD/L-2019-000004', '1', 'user9', '文员', '2019/09/21 10:21:11', null, null, null, null, null, null, null, null, null, null, null, '不明', '10mm', '6mm', '0.03Mpa--10Mpa', '傻花花卡', '1213-14555Ak75-655', '2015年06月06日', null, '0.25', '常温', '合格', '1Mpa', '1Mpa', '1Mpa', '1Mpa', '1Mpa', '1Mpa', '2015年06月06日');
INSERT INTO `valvehistory` VALUES ('FD/L-2019-000005', '0', 'user9', '文员', '2019/09/21 10:25:28', null, null, null, null, null, null, null, null, null, null, null, '不明', '15mm', '6mm', '0.03Mpa--10Mpa', '傻花花卡', '1213-14555Ak75-655', '2015年06月06日', null, '0.25', '52℃', '合格', '1Mpa', '1Mpa', '1Mpa', '1Mpa', '1Mpa', '1Mpa', '2015年06月06日');
INSERT INTO `valvehistory` VALUES ('FD/L-2019-000006', '0', 'user9', '文员', '2019/09/21 10:29:34', null, null, null, null, null, null, null, null, null, null, null, '不明', '10mm', '6mm', '0.03Mpa--10Mpa', '傻花花卡', '1213-14555Ak75-655', '2015年06月06日', null, '0.25', '常温', '合格', '1Mpa', '1Mpa', '1Mpa', '1Mpa', '1Mpa', '1Mpa', '2015年06月06日');
INSERT INTO `valvehistory` VALUES ('FD/L-2019-000007', '1', 'user9', '文员', '2019/09/21 10:32:24', null, null, null, null, null, null, null, null, null, null, null, '不明', '10mm', '6mm', '0.03Mpa--10Mpa', '傻花花卡', '1213-14555Ak75-655', '2015年06月06日', null, '0.25', '常温', '合格', '1Mpa', '1Mpa', '1Mpa', '1Mpa', '1Mpa', '1Mpa', '2015年06月06日');
INSERT INTO `valvehistory` VALUES ('FD/L-2019-000008', '0', 'user9', '文员', '2019/09/21 10:34:42', null, null, null, null, null, null, null, null, null, null, null, '不明', '10mm', '6mm', '0.03Mpa--10Mpa', '傻花花卡', '1213-14555Ak75-655', '2015年06月06日', null, '0.25', '常温', '合格', '1Mpa', '1Mpa', '1Mpa', '1Mpa', '1Mpa', '1Mpa', '2015年06月06日');
INSERT INTO `valvehistory` VALUES ('FD/L-2019-000009', '0', 'user9', '文员', '2019/09/21 10:37:32', null, null, null, null, null, null, null, null, null, null, null, '不明', '10mm', '6mm', '0.03Mpa--10Mpa', '傻花花卡', '1213-14555Ak75-655', '2015年06月06日', null, '0.25', '常温', '合格', '1Mpa', '1Mpa', '1Mpa', '1Mpa', '1Mpa', '1Mpa', '2015年06月06日');
INSERT INTO `valvehistory` VALUES ('FD/L-2019-000010', '1', 'user9', '文员', '2019/09/21 10:43:15', null, null, null, null, null, null, null, null, null, null, null, '不明', '10mm', '6mm', '0.03Mpa--10Mpa', '傻花花卡', '1213-14555Ak75-655', '2015年06月06日', null, '0.25', '常温', '合格', '1Mpa', '1Mpa', '1Mpa', '1Mpa', '1Mpa', '1Mpa', '2015年06月06日');
INSERT INTO `valvehistory` VALUES ('FD/L-2019-000011', '2', 'user9', '文员', '2019/09/21 10:48:14', 'admin', '超级管理员', null, '2019/09/21 16:37:31', null, null, null, null, null, null, null, '不明', '10mm', '6mm', '0.03Mpa--10Mpa', '傻花花卡', '1213-14555Ak75-655', '2015年06月06日', null, '0.25', '常温', '合格', '1Mpa', '1Mpa', '1Mpa', '1Mpa', '1Mpa', '1Mpa', '2015年06月06日');
INSERT INTO `valvehistory` VALUES ('FD/L-2019-000012', '1', 'user9', '文员', '2019/09/21 10:49:24', null, null, null, null, null, null, null, null, null, null, null, '不明', '10mm', '6mm', '0.03Mpa--10Mpa', '傻花花卡', '1213-14555Ak75-655', '2015年06月06日', null, '0.25', '常温', '合格', '1Mpa', '1Mpa', '1Mpa', '1Mpa', '1Mpa', '1Mpa', '2015年06月06日');
INSERT INTO `valvehistory` VALUES ('FD/L-2019-000013', '1', 'hp', '审核员', '2019/09/21 10:51:00', null, null, null, null, null, null, null, null, null, null, null, '不明', '10mm', '6mm', '0.03Mpa--10Mpa', '傻花花卡', '1213-14555Ak75-655', '2015年06月06日', null, '0.25', '常温', '合格', '1Mpa', '1Mpa', '1Mpa', '1Mpa', '0.76Mpa', '1Mpa', '2015年06月06日');
INSERT INTO `valvehistory` VALUES ('FD/L-2019-000014', '1', 'hp', '审核员', '2019/09/21 10:52:27', null, null, null, null, null, null, null, null, null, null, null, '不明', '10mm', '6mm', '0.03Mpa--10Mpa', '傻花花卡', '1213-14555Ak75-655', '2015年06月06日', null, '0.25', '常温', '合格', '1Mpa', '1Mpa', '1Mpa', '1Mpa', '0.76Mpa', '0.78Mpa', '2015年06月06日');
INSERT INTO `valvehistory` VALUES ('FD/L-2019-000015', '0', 'user', '审批员', '2019/09/21 10:58:57', null, null, null, null, null, null, null, null, null, null, null, '东方故事大概', '15mm', '10mm', '0.03Mpa--10Mpa', '法守法都是', '方式是大法官', '2015年06月06日', null, '0.25', '常温', '合格', '0.2Mpa', '0.3Mpa', '0.4Mpa', '0.5Mpa', '0.6Mpa', '0.7Mpa', '2015年06月06日');
INSERT INTO `valvehistory` VALUES ('FD/L-2019-000016', '0', 'user', '审批员', '2019/09/21 11:02:30', null, null, null, null, null, null, null, null, null, null, null, '东方故事大概', '15mm', '9mm', '0.03Mpa--10Mpa', '法守法都是', '方式是大法官', '2015年06月06日', null, '0.25', '常温', '合格', '0.2Mpa', '0.3Mpa', '0.4Mpa', '0.5Mpa', '0.6Mpa', '0.7Mpa', '2015年06月06日');
INSERT INTO `valvehistory` VALUES ('FD/L-2019-000017', '0', 'user', '审批员', '2019/09/21 11:06:50', null, null, null, null, null, null, null, null, null, null, null, '东方故事大概', '15mm', '9mm', '0.03Mpa--10Mpa', '法守法都是', '方式是大法官', '2015年06月06日', null, '0.25', '常温', '合格', '0.2Mpa', '0.3Mpa', '0.4Mpa', '0.5Mpa', '0.6Mpa', '0.7Mpa', '2015年06月06日');
INSERT INTO `valvehistory` VALUES ('FD/L-2019-000018', '0', 'user', '审批员', '2019/09/21 11:07:49', null, null, null, null, null, null, null, null, null, null, null, '东方故事大概', '15mm', '15mm', '0.03Mpa--10Mpa', '法守法都是', '方式是大法官', '2015年06月06日', null, '0.25', '常温', '合格', '0.2Mpa', '0.3Mpa', '0.4Mpa', '0.5Mpa', '0.6Mpa', '0.7Mpa', '2015年06月06日');
INSERT INTO `valvehistory` VALUES ('FD/L-2019-000019', '0', 'user', '审批员', '2019/09/21 11:09:17', null, null, null, null, null, null, null, null, null, null, null, '东方故事大概', '20mm', '10mm', '0.03Mpa--10Mpa', '法守法都是', '方式是大法官', '2015年06月06日', null, '0.25', '常温', '合格', '0.2Mpa', '0.3Mpa', '0.4Mpa', '0.5Mpa', '0.6Mpa', '0.15Mpa', '2015年06月06日');
INSERT INTO `valvehistory` VALUES ('FD/L-2019-000020', '0', 'user', '审批员', '2019/09/21 11:11:56', null, null, null, null, null, null, null, null, null, null, null, '东方故事大概', '15mm', '6mm', '0.03Mpa--10Mpa', '法守法都是', 'sdfbsdfb', '2015年06月06日', null, '0.25', '常温', '合格', '0.2Mpa', '0.3Mpa', '0.4Mpa', '0.5Mpa', '0.6Mpa', '0.7Mpa', '2015年06月06日');
INSERT INTO `valvehistory` VALUES ('FD/L-2019-000021', '0', 'user', '审批员', '2019/09/21 11:13:26', null, null, null, null, null, null, null, null, null, null, null, '东方故事大概', '10mm', '9mm', '0.03Mpa--10Mpa', '法守法都是', '方式是大法官', '2015年06月06日', null, '0.25', '常温', '合格', '0.2Mpa', '0.3Mpa', '0.4Mpa', '0.5Mpa', '0.6Mpa', '0.7Mpa', '2015年06月06日');
INSERT INTO `valvehistory` VALUES ('FD/L-2019-000022', '0', 'user', '审批员', '2019/09/21 11:14:28', null, null, null, null, null, null, null, null, null, null, null, '东方故事大概', '15mm', '9mm', '0.03Mpa--10Mpa', '法守法都是', '方式是大法官', '2015年06月06日', null, '0.25', '常温', '合格', '0.2Mpa', '0.3Mpa', '0.4Mpa', '0.5Mpa', '0.15Mpa', '0.7Mpa', '2015年06月06日');
INSERT INTO `valvehistory` VALUES ('FD/L-2019-000023', '0', 'user', '审批员', '2019/09/21 11:16:18', null, null, null, null, null, null, null, null, null, null, null, '东方故事大概', '15mm', '9mm', '0.03Mpa--10Mpa', 'dsdf', '方式是大法官', '2015年06月06日', null, '0.25', '常温', '合格', '0.2Mpa', '0.3Mpa', '0.4Mpa', '0.5Mpa', '0.6Mpa', '0.7Mpa', '2020年06月13日');
INSERT INTO `valvehistory` VALUES ('FD/L-2019-000024', '0', 'user', '审批员', '2019/09/21 11:25:20', null, null, null, null, null, null, null, null, null, null, null, '东方故事大概', '15mm', '9mm', '0.03Mpa--10Mpa', '法守法都是', '方式是大法官', '2015年06月06日', null, '0.25', '常温', '合格', '0.2Mpa', '0.3Mpa', '0.4Mpa', '0.5Mpa', '0.6Mpa', '0.7Mpa', '2015年06月06日');
INSERT INTO `valvehistory` VALUES ('FD/L-2019-000025', '5', 'user9', '文员', '2019/09/21 15:45:01', 'hp', '审核员', null, '2019/09/21 16:00:38', 'admin', '超级管理员', null, '2019/09/21 16:22:27', 'admin', '超级管理员', '2019/09/21 16:25:37', '不明', '10mm', '6mm', '0.03Mpa--10Mpa', '傻花花卡1', '1213-14555Ak75-655', '2015年06月06日', null, '0.25', '常温', '合格', '1Mpa', '1Mpa', '1Mpa', '1Mpa', '1Mpa', '1Mpa', '2015年06月06日');
INSERT INTO `valvehistory` VALUES ('FD/L-2019-000026', '5', 'user', '审批员', '2019/09/21 15:46:55', 'hp', '审核员', null, '2019/09/21 15:58:37', 'admin', '超级管理员', null, '2019/09/21 16:22:18', 'admin', '超级管理员', '2019/09/21 16:25:44', '东方故事大概', '15mm', '9mm', '0.03Mpa--10Mpa', '法守法都是', '方式是大法官', '2015年06月06日', null, '0.25', '常温', '合格', '0.2Mpa', '0.3Mpa', '0.4Mpa', '0.5Mpa', '0.6Mpa', '0.7Mpa', '2015年06月06日');
INSERT INTO `valvehistory` VALUES ('FD/L-2019-000027', '1', 'admin', '超级管理员', '2019/09/21 16:30:07', null, null, null, null, null, null, null, null, null, null, null, '不明', '10mm', '6mm', '0.03Mpa--10Mpa', '傻花花卡1', '1213-14555Ak75-655', '2015年06月06日', null, '0.25', '常温', '合格', '1Mpa', '1Mpa', '1Mpa', '1Mpa', '1Mpa', '1Mpa', '2015年06月06日');

-- ----------------------------
-- Table structure for valveinfo
-- ----------------------------
DROP TABLE IF EXISTS `valveinfo`;
CREATE TABLE `valveinfo` (
  `reportNo` varchar(255) NOT NULL,
  `companyUse` varchar(255) DEFAULT NULL,
  `companyAddress` varchar(255) DEFAULT NULL,
  `companyContacts` varchar(255) DEFAULT NULL,
  `telephone` varchar(255) DEFAULT NULL,
  `deviceNo` varchar(255) DEFAULT NULL,
  `installLocation` varchar(255) DEFAULT NULL,
  `valveType` varchar(255) DEFAULT NULL,
  `valveModel` varchar(255) DEFAULT NULL,
  `workPressure` varchar(255) DEFAULT NULL,
  `workMedium` varchar(255) DEFAULT NULL,
  `requireSettingPressure` varchar(255) DEFAULT NULL,
  `standard` varchar(255) DEFAULT NULL,
  `sealTestPressure` varchar(255) DEFAULT NULL COMMENT '平均密封实验压力',
  `settingPressure` varchar(255) DEFAULT NULL COMMENT '平均试验实际整定压力',
  `checkMode` varchar(255) DEFAULT NULL COMMENT '校验方式',
  `checkMedium` varchar(255) DEFAULT NULL COMMENT '校验介质',
  `checkResult` varchar(255) DEFAULT NULL,
  `remarks` varchar(255) DEFAULT NULL COMMENT '备注',
  `checkExplain` varchar(255) DEFAULT NULL COMMENT '维护检修情况说明',
  `checkSignature` longtext COMMENT '审核人的电子签名',
  `approveSignature` longtext COMMENT '审批人的电子签名',
  PRIMARY KEY (`reportNo`)
) ENGINE=InnoDB DEFAULT CHARSET=utf8;

-- ----------------------------
-- Records of valveinfo
-- ----------------------------
INSERT INTO `valveinfo` VALUES ('FD/L-2019-000001', '广西南宁国发锅炉有限公司', '广西南宁横县马岭镇城南街', '陆光辉', '0771-7420998', '阿上撒阿萨个', '双效浓缩IV蒸汽管道', '弹簧直载式', 'A4K8-16C', '12Mpa', '水', '52Mpa', 'ISG ZF001-2006', '0.7Mpa', '0.6Mpa', '离线校验', '压缩空气', '不合格', 'w大V是大V是大V是的', '解体、清洗、校验 更换阀芯 ', 'data:image/png;base64,iVBORw0KGgoAAAANSUhEUgAAAiEAAABjCAYAAABNGNDJAAAgAElEQVR4Xu2dCdh+21jGbyqkgwYkmYUGDhkTJyQZypBSKTI1KMqQuXSaJEMIiYRCpkIZMmUeKkNOqEwZorgQ5aCk0vXLeur5P2e/7x7etffa7/s+67q+63/O9+29hnutvda9nvFMypIISBeRdE1JF5D0ZEnvS1ASgUQgEUgEEoG5ETjT3A1k/XuBwDMk3az09K2STt6LXmcnE4FEIBFIBPYagSQhez191Tr/+VBTrotq0GZFiUAikAgkApsQyMMm18Ypkl7lYHinpEslLIlAIpAIJAKJwNwIJAmZG+H11/+Lkk513cQe5KLr73b2MBFIBBKBRGDfEUgSsu8zuHv/HyLpLq6ax0u63e7VZg2JQCKQCCQCicB2BJKE5Ap5o6QrOBh+SRLSkSyJQCKQCCQCicCsCCQJmRXevag8GqUmCdmLactOJgKJQCKw/wgkCdn/OdxlBMQGeXmo4A6SHrVLpfluIpAIJAKJQCIwBIEkIUNQOtxnolEqI72WpFcc7pBzZIlAIpAIJAJrQSBJyFpmok0/niDp1qHp80j6WJvuZKuJQCKQCCQCx4RAkpBjmu0zjvX5km4Qfp1r4rjXRI4+EUgEEoHFEMgDZzGoV9nQ6ZJOcj17maRrr7Kn2alEIBFIBBKBg0MgScjBTemoAUXPmHtJesCoGvLhRCARSAQSgURgIgJJQiYCdwCvXU7Sm8M40jPmACY2h5AIJAKJwL4gkCRkX2aqfj9vIunZodqMEVIf56wxEUgEEoFEYAMCSUKOd2l0uefmejje9ZAjTwQSgURgcQTy0Fkc8tU0mCRkNVORHUkEEoFE4DgRSBJynPPOqAlIdo0w/FwPx7secuSJQCKQCCyOQB46i0O+mgZPk3TZ0JvzSvroanqYHUkEEoFEIBE4aASShBz09G4dXHTP5eFcD8e7HnLkiUAikAgsjkAeOotDvpoGIwl5k6QrrqZ32ZFjR+BtBYBLHzsQOf5E4JARSBJyyLO7eWxdMUJSEnKca2GNo/ZG0+k2vsYZyj4lApUQSBJSCcg9q+aakl4e+vw+SRfds3Fkdw8XAVufZHXOkggkAgeKQJKQA53YnmF1kZDXSrr6ccKRo04EEoFEIBFogUCSkBaot2+zi4Q8WNLd23cte5AIJAKJQCJwLAgkCTmWmT5xnF0k5IGS7nmccOSoE4FEIBFIBFogkCSkBert2+wiIbeR9Hvtu5Y9SAQSgUQgETgWBJKEHMtM90tC0gvhONdCjjoRSAQSgWYIJAlpBn3ThrskIbkWmk5JNp4IJAKJwPEhkAfP8c05I76JpGeHoZ9H0seOE44cdSKQCCQCiUALBJKEtEC9fZsxg+5bOvLItO9l9iARSAQSgUTgoBFoSUK4ed9B0jklXVnS5xzSr5T0XEmEEs9SH4FbS3qCqzZjhNTHOGtMBBKBRCAR6EFgaRJyEUnfL+n6JU/JST39O13S70h6pCQiemapg8CPS3qMqwqMf6JO1VlLIpAIJAKJQCIwDIGlSMgNJN1ox4MO91E8OJKMDJvbbU8hBUEaYiU9Y3bHNGtIBBKBRCARGInA3CQE24Pvk/RNI/u16fG/KUTkDyvVd6zVPETSXdzgbyfp8ccKRo47EUgEEoFEoA0Cc5GQaHPgR/cZSZ+U9HZJ2H6YZIN/bybpGyXhQrqtkGgtJSLT1wzJwTzGied0LPPNRCARSAQSgYkIzEFCoueFde0PJD1F0hskfXRAf0k3fytJ1+mQpCAJuUcgItibPKzUe+ckKVsRfq8k8KJk9twBizEfSQQSgUQgEaiPQG0SEsX8kI1HSYKY7FpODfVARO4k6UOl4ndJ+rry3+93h+yu7R7i+6+SdEoZGOTwFoc4yBxTIpAIJAKJwLoRqElCogQEkoAnTM0SI31CcO4t6bqSnhEaqjm2mmNYQ12fd524lqRXrKFT2YdEIBFIBBKB40Kg1kH9RklXcNDN6fIZyc5pks4s6WTX/pslXf64pnLwaM/t1GGfknRhSR8f/HY+mAgkAolAIpAIVEKgBgn5iCQCj1lZwt0TA9Yo+fCQoF5AzZClGwGThLxe0lUSpEQgEUgEEoFEoAUCu5IQb4eB/QcRUJd0n31bucn7oGfvkXTxFmDuSZu3lfS40tffknTHPel3djMRSAQSgUTgwBCYSkKibQY2BdgWtCj/WkK/W9vYoSxJhFqMeZc2nybpB0oFidUuSOa7iUAikAgkAjshMIWEEMfjJZLOX1rGOPS+jewKfkoSt3lfLijpgzuhctgve/fc20giEm2WRCARSAQSgURgcQSmkBAf6AqJAySklXfF8yUREt4K9ilfvTiK+9NgNOq9YiYJ3J/Jy54mAolAInBoCIwlIf4Qm8MFdwy+USXEu88sYeLH1HNMz75O0lXdgJOEHNPs51gTgUQgEVgZAmNISMy82jq+RAw9DrRkgsU9OMsZETACiQ3NucqfW89hzlMikAgkAonAESMwhoR8QtKXF6yWcMPdNi1ERsUzJ5aWBrJrX0Z4EpFI8MGS7lY6O2b+1z6+7F8i0IcAFxdKKyP6vv7l3xOBo0NgyCH0lZIeLumHCzrvkPStjQxRbYJieHj7PUaWGFtmORGBB0q6uySyEOOSy2b8JkmoY7IkAseAgFclt75EHQPeOcZEYBACQ0jIYyShiqG0tgOxQcUIrfb7OSO1DgJ0pQ+ZFOQukl4tCfwo5x2YTHClw8puJQKjELAgfRjTE9MoSyKQCDRGoI+ERG+KNcSVwLASA0srn5F09vI/ubmccUGZLY8lqru1pCeUxy6a2Ya3foFEAiY675Mknd74Wz2E5luqQ1AlIwkktMCflezch4BpjiER2GsEtpGQS0pC9WLloZLuuoLRkjX3fK4fHA7nKP+f6pgTJ+imxWOI35oRqvcq6iOhK5ju/+tCiwMsE/3VWwFrUIe8RtLVJGHfdqmUAtab3KwpERiJAJcCfk7ddgg93WXBNVuCVvFAbHxdbrlx7Pt0sI6ct9GPE8iNgG6PkPQz5e19lIS0OMCeI+mGDvEXhJg0oyfjyF/w665VkDyvWm7VhyNfBjn8I0UAwnE5SbeShATeuMRpmw5sRNCE9yY7rb9Ft8bvnpJ+3XWCuCAXk/TN5XeHkj0XsnVZSRcpBsCM829Hgm+ELXoM+QN9X1x0lz7AvlvSczvw/gpJ/zJyHvLxLyDgLxCt1l0LMpvznwgcIwIQjhuXM8zOZ86i90l6mAeki4Rw8OFNARGhfFjS16wAxbNI+qSks7q+YKPCTZ8NjrKPLrr0/cJlDEwcP10FaRTutUPDrGP3weEd1Wj+MNgXm5ClDzBv+OzjquTtefpG8J2SXlReXwMJ4Xu69PTh5JuJQCJQEIAzcG5do/xrpOO0cl4Z+egErIuExKBkt5T05BXA/T2SnuX6QdbeyxejwX0iIfQVhsi/mwjHNrhhkp/u2UD9oX0JSe92FV7Becfsi+pqSRKCBxEu4JS3F7so5ouSrp3TNwIjxdTQioR4IkQ/CDXw59OHNOnNH5J0nyJpu/ekGvKlRKAtAp5wsDdDQt5fhAAQDsgHP4NKPISo7KVFxUEFa/I2eYaTztC3e0h6kCT/+7W4EHvw0YVxiN2k/AyamAEPbToQv7RITJAQdT3jSci+hG1fioSw/l/rkjNeSRKqmVPLfPx+kS4NmJ58JCDgSUgriRLJN5GAWPk1ST+30ExdoOxVPm1CEtuFwM9mJiNghIO90V+cPenYKunoazmSkLUmODt3hyU7rnZ4yrCpsLlQsJsgKugaChOGEQ7kwyLNDu2XTTDxPf66sMrvksShiNso490kSj65vAMhu7Okf+po1Lw+9kUSspQu36cCMALn236lU/0Nnctdn2O+Kfw71i5o17Zrvt+Fbc36h9QVIy3/t6QvGvJihWeQJlvAx1jdAyTdq0IbWUUisAsCpk4xswAvqWfvM7KxE+mIHfSHELYWxN9AxUFZU+Cv20p6nOu8l3i8wUX+RJfPQd2yQD64OZuKqK8vRjgQX6FqYYJ3MX60zf4WkogN0lWShJyICnP1FGf7BG63l/SpQuSwq6EsSUKwyeKWDuH8ktI+KkjW/hMl/WXfwlrZ3//RSZha5Xjq8q5bQroVL3ddU5OqvpUt2APuDlKNaIfI76zYxdeTjtng8CSETQ/VhhWMSwbrdWbr4Rcq/lNJ13dt+KBp/gNvGScEiQfko8/Ogwn+Y8cqIR61imGxzUAXkvb60uCVJUHi1l68a2VtchwPJuYDg10rSJOWJiFDXNFr4zDnGsCriJhDJtVp2feY+HLuAIyPlfSjAVxs24jh4wsSy8s0Tocx5xrIupdHAAk8XpacSWY8Gi/HRjjMjoN/d7kEjx6lJyHetqLlYR4HEVUxMeeJJyEtvGPwQLnTFvJhkg6IBz9zlveWxbbN4G4p+4qa4/T2BDXXZiTeHywf7ccbk5Bo/7QJSwxnIec1iWzNefN1+cBvH5B0obka6qk3xn+ZUxVCOAHCCvhiEo+49nhmm/SyEVzZ7J4gEKUbRjp895HkGtkwqXvz4RkJiTcVDCn5WNdQMLAk6JaV60p6sft/782zpGEqBz0HIt4nseDWyd/4WUKaBLG4kSQ8O/rEuixOyAplX1x0/e21FtGMInJuotjwENLbl6VtQizPj/UB4+F/KLZOHFz8mESBZ54Xgqqt4ZuNfcBOi3FZ+ZykkyT9R4PORmIwVwj3SCQZM4awrCcr8Zlaa7sBrNnkgggg4Yj2G16dwvnjvVQgHEucQ5MgMBLCpsYm/MXFO+Y7JtU2z0vxQ43GlHMcUJtGQkZhIo+yALpsPv6kEI+5JR6+f4SsJ5w+m9sQEuZvYPtimPrvLj7MZyWdbYelho0FpNbPH7YWeIL5A8KaWIqEMC+QVsuDhMH19SQhnfGl6wbdyuV16DR0qZda9RmyznfqS20y7tWHtMPeer+yxny7XUHxTpFEePksiQAIWKRR1CrmneIJh0naTbKxuDpl12myQ2gtdhVd4/mIu/kRRC2KNzHQw7aBgv/9/XcFZcP7bP4cXv4WyqN/L+lXi6plUV1a6SeECNbLD1KQvtD6+xa2veYBhnsyhojeg6ovCBzR/VC3UTi8sP2pXaLnBJIqIgFvKs8O/Vj7DdpL32xMZLGF+C1dCLxI3Bwje7RfkxDh5RL3oG3SyXjJepmkay8NSra3GgT4ViAc7DPsfZZjhQ5COCAZXsrR4sypCpaRELMloPI13Y6jmgjPHUKz++IJ1Fx9j8ZsJM17Ybk5t3Sb/MkSL4WFO3Ts+xa2vesAm3JzZdy3k0S8Bl/6DiBPQmp7UkBsMWb2pIgD6+EDDBS9jcXavtu4SfkMtva3lsap/mJDf2p562AAiIchsXqs9K0vSFF0o5+yvqseDFnZIgiYlMMk6+x1JuWIKpVdvSYXGdCURji4fACfaPQ5pc6a7yB1wLUPF8WXSCLiYSzeaPG8M2TGjDcV3Dd/d4DEoSYOXXWx4RkhG0pAqMeTkH3Z7HY9cLlRMI9eioX4koB3qLC2FVRrFjH1N4vLbo25jTYpY5NEekyiR0+N/tWuwzLYWr2owPheW5RoF9JHFIb0Maa74J2hQdmi+qam8fWQvuczyyBgXiqedFgMKYvDYaEaVmvDURsqDi9/01ybWHeImsikOLX7HtUAbJqIkPsOrdpztImAIJ0hnw7GqNwqhxZP2i7YYXMwtJ4ln9uFhHSpcwjVjWHxkOJJSC1JSCQgrF3SI0T7j23985gMsQUaMtY5n/GuztZOjcN/Sp9j+PYakhDyOv2s6wyuuRjNDymok2Pcl0tJeueQl/OZVSIQbTlQr+AOa5IOH6ahT4W+ygHW6hQkpLWL67axeN13123fHzBd9iJTcTIvBEviN+bQmtrm0PcYM7iwyCEgJ2QkHFCJl+yge3zLgHdaPzKVhGBzgMrKFw5sfj/0w+c5bi6UGjYh0UW0z5upC3skOsTdQF1JWVN6hW1rBZdiDlcrNQ7/qWsTwve15eVdPWS2BVMc2r8oDRkqRRlafz43LwLmsWLGo97wHdUKpIO9F/X9PrjUz4uWq52D3bu4rk0MaIdPl7gZT5VHF5dFpBQEHRp6sPQB7N0k13TLZGEjyYBNT72VLxUCvQ/joX+fapjqJRjW1iOK0SDh/ocWT0KmYm5tRduiXSQBNQ/RoVjs+hyJASHOViDQ/v93rX/M+94O7lWOaI6pg2cvWYwFzQ6EvYpkm2PF6cR7ISijldqS3bHjyue3I+BJR1cyUi4sXtqReG5AABLiN/kpt7K5wMVNGDsQCmQj3mi9XrfmrcEbra1pI0CfyCHG4kd/iHhvimW0947Zlxv0WElIFwGZGhnTE9KpaQFiWPgaaeT9IUofiba59hJzt7xa0rc16rS/fL1H0sUn9ANJFNFP/a2XLLlPnVAXr7xLEhhZGWPrNbHJfG0EAuzBlgG9K/KokY5al+ERXdvfR1nkPu7Amg4lv0lEsa0nTujZrlPJINWrKtDRfstKppbFjwrGUiYz/qkiPR+bYE2kcxvUHP6411L6jKeR5hF0zBdu4F5fP2ZaMf61UPxTSIgn07RbyyDTfx94V5hqYczYWjyLFOp8pWFUgagEWxT/HUy9bESj9TF2IF1jxivqp5OEtFgOG9u0DOjsuT4+By9wGbRI2FP341UNtkVnICHeUHEXsWTt/vsP3IutuX38VVkQbL4k+eLg2bV4MjZ1U9q1D13vewkIf6+R08ckC7vqwucYb1edXhqxTYrQlShsV6Llv4+xEgxPFBhXTdVeDHS1L55OHs/W5MlL2MZ61kUbjhpzGwPR7aKuW+rbPLR2IBqeeMTxmZoF8jFFEn1oeO08nmiY2lJHGwfj9ef+Y/S/r9lf21Rq25fsMkleAkI9tdROtvmuiWxtw8kT0k2bfZf3xRTD3dgPT2zGkJB4oCDyJ05JLVEtxqmoDq20Cv41dn1HYtaSPHkSMubAR1qB1MKXMe9vwizOaUxRMRbrfL4fgRgcLEo7zKh0idxf/b09wCcgIX6Dr3XI1YDKdN7eKNUbttW4efh+2obUMoiS74/3guH3NQ5Uq3/q5ltjXqfUgW2QpRLokt5gH4O6ypddJSBW1xTvsTkkMl24LZmyYMq8db0TyVlLuwf/HQxdL6gFUcv5UnPPwHviG0rluP3evRbwFeshthSSo1qEumLXeqviYmch0LtULFRAZFKz71gyBUdv5w/xgaiOWQsJ8ZFSXysJY0qSP5nL7Fg3yyFzZxvS0M1oSJ1Tn4kqmF29MmI//OH1NEk3n9rRhd57q6RLl7aiEWYkazxWcw692H2I+qCLgDxU0i/PIL6NyR3HqhQWmr4TmomHOAn6sPNpUQiEeP7S8FB34ejhVPsyhI3byaVPLSWVSGXYb1lTFlzrnyXxLZpRJhfET0tij8bWh/8nKSGeQRaIriVRsQik1n/2VQsO5tebRSelr5COtO9Y8GuEhHhvkBoixVrdN1Lw9JL2+6qlYj56NoxP1GpIkg80xCZghogVmxhcFbd69Ob2sdSITREb94a9/1lyo7TI4+H7xYax6eMnZw8HLsWv0UjW+PuchI36t93cuxKS1T6kImaWEZnf37Bk1R282Bo8GF2uaxLGscPxtkZD9r6ndBD2qV5Xm/raOmQC8/PzM+SvwW6PeEuQPk9MapAU9oFzlX0bAkf4BotO2oWz5WCxPCw1+jB27eXzBQE21LWK5qNbJl0emldj7ASvRawdCcgurrh9GHgvhTkPyr5+nFMSum/UgpsO+a58N5AW5s3rcOfAa6hhKpv3k0JuGm74P1gSpvXhMPXvPl4IcVDI8rzmEnMBDZVAzDEmT277yESXhGsIcRnbb+9C/wJJNxhbwYTnTerxI5KusuX9f5OEbRNSjpjIc0Kz//sKlyCyt3cVM/yMMVe4oLGOuqQasR6kHJZh1qQcKemYOlszvAcJ8fEG5viopnSbkNqI+Hzp2ySmtGPveLuYVpti3OTmOFA9RrisIgGyMoeKq29OkBz8dji4SeYWkwJGoszmZDFTrI25JFiehGwL5ufdiK1PS9zy/fe7psi+2+Z+k9F533qp/feXSvr2Uuk2u44uld9c4Qym2CBNxYXYKESaZt+36Lu+LvZgbLAolqnb//3cki5ciAuqmxg7Y2q/dnmP0Ap/4TLNJuHYBc0F3oWErO0mBRNnc/iyMv5PFkOiORdTa5WUz9TKsCEgS3zQ0c2Qtp8oiRvi62dcfxb0hw3Xl02HvPfmIYmcV1fxPuJV6pzDZW5IhNloJ0CfllKNePXGXAdj7aXgCducl4u+fmOrg1cVZRth5Cbu45l8oARZm2NPmlsqi+QR1TaeWmZj53Fiv31yyRL+3D4Aw9/JCAyZQVLCurR0BxbXKHqe8Po2Sci25k2lwhwwP/Yzssv5eGsEoiSk9U3qnpKIhOrLEpt5S5VUjO45twQkrjm/EdvfPiWJfBgvksSmVLMg5SITcdyQUCOgTojFH7IYwRk5teeQgPDMHASENrzIPh7yjOHUYjjt+13TW6IPey/R2hcSwm2VpG2UJbGKWHpPnU0qyS41zJxuxV7yVttRgO8E26ou8vFxSbef6Zs33H2qevtdtMfwKha/R9jvIRtzfet931r+fQYEYtj2VtbYXX73NtwlrOdbqKT4wHAr9Uaw3PLZ9Jb+yNiUcH++QFhjECT6VMNwizaY51NCG8Te4Ba6KTtx1yFgVSxB2AjgZ32OYca5KaJS8uUBku41w7e6qUovzVpb7qdNfZ77tj8Ufm9/0YVdl+FzTVf5rn56d/SaBC3m7bG231Akr6hliJGUJRFYFIEYth2PE7JcLrUYYeYcTub5wOAx5qP96xUk5rx1GNhLq6RiEDL6sYT9wLbFBQG5X8Hd3OvseQjC8yW9uLji2e+JF4Ck5LPFUC3aclyiWNlj8U+k11hQQ0Fytom1MVp9YXgRYzPe5WduwoZ00ML3o2s2L60uVRaGqRj3LVmmxLpYsn9dbbX2ALE+9anaohpmCTWpd0fHJuPqFSara63yPUN4+P6yJALNEICExCh9SwQPIs8Ft2LUL76YOHlpw7Uljfv87cvGTtbNNQXF2XRror9GGIgZQMwHr9Plb6hLkPCQyIty0obVPZR0ocNmM7Y4IbjgcnjMoY/v6mqXe3CX5I6bNGNaql/WV09CUHPdotluMrxhr2LrywU0vNbxT/p9Jq7HKIHDBmGXnE1De1crJxCSVlTb15aEAakVLpoY32+SPA7tZz6XCFRBwAiH95cn+RfGiXMUPmI28JuGyhHJ46lhOWC8XnQJdUytD78Ps7ixcaPHLbeGuqOv7TF/Z57Q2aNaqFkYJyTidZLeObJi1B6vWUDyEbsV3YMxYma9+oJIGwPLpQkIffAkaUxY+ZHwV338RpKIf0MZEgCuauOusk32F0gqSVzoS237jE1jinFUurzFhuARk+vxDt8zUsW17TdDxpPPHCgCRkJYnPcoY5zDLgSVC3p1pADnCFjeVRLGkb7MaZzVNZXxw5/DYj9md8WgEgLS4uAaupzJdgphvE+RmJ2l48Uh1u3MLzEPXibpv4Y2vpLnvKQBe4C4VltJQAweDvRfkHQ2SX9UpEQrgW5jN+L3toT0taszXt3yLEnfWx6Kapg5AgZumyO/5sbmBIph8WkHdektU/qx9s/iOPtnHz96bm6nVrDRIH7DroUPAjsDbAN8weYD1Ut00bRnvDFg7QiYm8bkP3zcU7cF7RmDC1bdiH29ASqbGoRsbnuGMf3sexYVGnYdiHaNjCDNeHdx82auubVdvtiN8MzfSXqqJFwa97FcUtI7XMc/7NLQ82u8ee4f7GT2cZxL9xlbIi9NWsLuq2uMZOM2WyW7fEV3eaSVqDaW/FanGu52ERDW7N2KR9rS85ztJQK9CPgbiF/4n5N0b0m/0VvDGR/AVxydI+JzbAZ84UPHuIsMlLiEbSreGHAOyUxXu9EOogYRIwjQ44M7KoZgFptgArz5yoIIxBt7XMvMb5ZpCHg7rCVUrl29xGbC7NKQBnNgR0lXC3utSCZwa2dP3Fa6vMhQdT12T6Rj01ZRvrX3CHgSQrx9brZfVUbFTQX7kKHJpXgfew+8Ay4WkKFedKpe2rINvBbW85Cnt0vCEJKCmoQNKIYMHjLpqJzw7kFUf/byAjcqpB9rMkAdMpZjfoaIkkh6YuGgQo2YZToCGDazZ1DID0V4+6WLP7iRTt44dGApKWwcN55q7LvmpdYXjn+TIfkcauWl5yjbO3AEoi42hvIeIoXAuwaCgTeEjyoIdFiU37fk1BgDZZ///pi6xjyLZwFullaGenD4NrjFQKIs9Tx/g4Bwq55CaMb0P5+tj4CXykFMn1nE2/VbOq4a3yLpMmXIQ/aZOdDpMt60dpa2A4njG+Kxh5oI2zK7OPk6koDMsWKyzuoIdBmEoSrwIklTofAvBk5nLeoFPgBLkdzVsV3cBf0NpZav/FDwsAe5knuYEMYYdQ0pkCcIiMWS4J2WyeGG9Dmf6UcAon2hEVLB/hrzCa/qakVCvMTVz8gajMb78Lm5pAdJwlbLF4iyubHnKksEVo/AJqv0bVEq+wbVFwGz733+HnXxGMn6gGZD6pj6TFccD2xcMLA8fUOl2L6gW47hkCEgxMzg3SyJQCLw/whgM2a5SVrFCukKhDd3GoCha8DbhUTXa/Zn9sOYyRYyR+RTPNGyJAJ7gcA217guS+ttg0J3jisnH0KNiKsE1bF8AXyEJFwi58QSBWtybhm+EIo7xs2ALHEj4UYVC32+Y/rkLzFd2cYeIhA9j1oYp6LGwA4MezDKmrzWvJQG6QYeRBQfvsBPO/E/rr+H6yC7fOQI9PnnE4OA2wKEJLJuoIMokOqZDwOCsM3jZSzU0T5lydsSBnOQEJK4+QIJwb0Q174u7x97Ng0Xx852Pn+MCKwl5PyjJfGzJput6KaLVBW7u6uFhcJlhwvS845xAeWY9x+BPphF7gEAAAE6SURBVBLiR8jhe65iZMnvsdyeO/JeV86D5xS3M0jJh2aeAqK4QobGlF1sYca0k88mAvuOgI/UnIaUJ86mJyGb5jkjoO77F5D91xgS0gIu8o6QNM0belo/LOAZulGkMdhezJEPYZP4M+KBHvZXBvjzt8Ax20wE1ogAtg0/Vgx++Y5JJJnlCwhsU4eb8ekSCRxzPhKBWRFYOwlh8NhdsEFFo88IzJxpzDE6JbBRLKaOIvgaeU2yJAKJQCJQAwFihbxI0tdLOrOrkJghj5yQe6lGn7KORKA6AvtAQmzQkBCkEmRp7SqWgbc6SKVC1FEEYiOxG2HliTEQU9fP1XbWmwgkAseJALZ4SH3xwBsaOPI4kcpR7yUC+0RCABgrdj5G9MeQAvsw39oojfpeTnp2OhFIBBKBRCARWAMC/wMkvHetIEIzlgAAAABJRU5ErkJggg==', 'data:image/png;base64,iVBORw0KGgoAAAANSUhEUgAAAksAAACACAYAAAAbDS1cAAAgAElEQVR4Xu2dCfB/VVnGHzVTEyQt9y03TLDUZFRUIhtcMNdRm9w3xFFcEnHBKc3JyhXEhRFMUVBp1FTcR2xcUVCIdJBcGExTcAu3yrE0mw+cF87//r/L/f6+dzn33OfM/Oa33XuW55zvPc993/c87+XkYgS6Q+CcVNWtu6vSNRkBI2AEjIARGBeBy43bvFuvCIG/kvSCNJ4XSuJ3FyNgBIyAETACk0fAZGnyU1jMAB4j6YTUm8dKelMxPXNHjIARMAJGwAhsgYDJ0hbg+dZdEPgjSR9Lf7mbpI8bHyNgBIyAETACNSBgslTDLJYxBpOlMubBvTACRsAIGIGOETBZ6hjQGVdnsjTjyffQjYARMAI1I2CyVPPsDjs2B3gPi7dbMwJGwAgYgYEQMFkaCOgZNOMA751PsiUXdo6d7zQCRsAI9I6AyVLvEM+mgftJOiWN9v6S3jubke98oA+RdJSkG6QqLLmwcyx9pxEwAkagNwRMlnqDdnYVX1PS99KoryXp+7NDYLMBQ5Tent1ylqT9NqvCVxsBI2AEjMAQCJgsDYHyPNrYR9KX0lD3lXTuPIa9o1Hm8V1UgMwCcgsudSOAtAYvFVa4r3uePboKETBZqnBSRxpSfhruJpL+baR+lNwsGPEVSuf09XBJR5fcafetEwRygnyepOdJekcnNbsSI2AEekfAZKl3iGfTwO9I+noarcnS4mnH7Yb7LcqfesOczeeDgWJZgixHsUVxVtPvwU4ZAZOlKc9eWX03WVo9H02i5GDustbvUL05U9Lts8aI7TvMpHko+N2OEdgZAlMlS8THEERM+WNJe0r60c4guNhdlLuMfizpXzao6y6S7i7pAkmnS/riBvfWdKnJ0u6zeSVJj5b00IZFwUSpppW/+ViwLr5O0jWyW70mNsfRdxiBwRAonSyF/gzEiMBICsSGjXmIQluQsPj6d0lXkARZYyPcv9GJX6QH4E+H6FxhbdxW0tmpT7fbkHAWNpROuoO75RWS/qBRm11vncBbRSWvlfTkbCRvlfSIKkbmQRiByhAomSw1TwyVCD1kai9JV/cb4sWxGJFId64xS5B4Ancf1LAasDy+lYK5HdRb4id5nD5dV9LbGlbHh0k6eZzuuFUjYASWIVAyWaLPY1uWvtGwLH1T0peTC/BDyfWGtSkP3LzNTF1xm5ClEyTdQ9LrJUGKp14gSZxwe4Ck31wyGLtZpj7L/fR/72SFvUqqnhewe0r6aj/NuVYjYAR2gkDpZGnZmJoxS1frMGYJl9smMUu3TASKvp4v6WY7mYgK7mnrhru5pK+l8aLLNGXNGcYcJGnZFGIlgBB686tgkfc0hMdJekNWN1ISSEq4GAEjUAgCUyVLhcB3cTdyq9JLJT2npM4N2JfcsoTAIseiF5X8Ov6/6toBu79RU4zh6cmStOzG/5H0RElv2qhmXzxXBJqyAn42z3UleNxFIuAP5HbTkqes+IGk+0g6Y7sqJ3t3W7LEAH+VjXIqZAn3GjnvsBKtO2CAyw2SZGHOyS7nwTvefIngWfKBwXvhBo2AEViIgMnSdguDXGhxSu+Nkh6/XXWTvrstWUJjBq0ZChozIQFR6uAhRliRHrMiHom+IzkBQYJM7VTGolQM3K/+EcilN2gNq+Tx/TfrFoyAEWiDgMlSG5QWX5NbRz4r6VGSSGMw19KWLD1c0lsSSMcmQb7SMAsrEgQpV1xe1E9IEgQJomSSVNpMTqs/uSvulZKeMa3uu7dGoF4ETJY2n1veAN8viWSxUYzjJaQipANWudZySYjSTojhZuNEGyRpXflEIkiOSVqHlP/fFgHkJa6fLv5oErtte6+vMwJGoEcEvMlvBi4b6V9k6Qp4uHGKpYbj75shsfvVbcnSaZLunG4vwdXAiTZUtte52WLEb5bEW/8mJya3xdb3zwMBcitGPByyKb83j2F7lEagfARMltrPEWQAfaA8uNdqzJfh11Y6AAwhJmdJ2q89/J1eyRxiRaIf9Htd+UIiSO+xq20dVP7/Fgjkit5OsrsFkL7VCHSNgMlSO0RJSfASSXtklyMc95F2t8/iqraWpSBLY2wGm7jZIEi42CBIPtU2iyU8+iBNlkafAnfACCxGwGRp/crAxUYKiytml9qitDtubcjSwZLIf0V6mKE0qQjWxs3252uO/BOoDYGDHPHdBGn9Z8NXdItA/hmaumBrt8i4NiMwMgImS8snYE9J95L09uySX0o6xEKDC0Fb54YjwzqZ1tGmuigpd1/Y4/pvc+Qf6xHkiC/HIPU4Ga66FQK4hbG8UiDr5Fh0MQJGoAAETJYWTwIb+qGSDmr8+68lPb+AeSuxC+vIEoHx4Ed5bI+EM/K0LTrRRq6/3Hrko/4lrqT59ik/KTpmTN98Z8AjNwJLEDBZ2hUY8rpxQutZDbx+KOlVPvW28nOUi+rxRpy7sXIihQWHJLoIUnZZcGFAkHC5RcG1Rj+IPYIk2XrUJeKuq2sEeEE7LlV6QSYj0HU7rs8IGIENETBZugQwVLjZbHET4S7KC7ED6AG9Y0Ns53b5MrLE39Ff4jvkBZy7Ii3UeWAWj4RQ6OUTOaINn16b2yqc9nhzyxIj8fN52vPp3leEgD+Ml2gkYU26zoJ5xSKBy8hlPQLLArzBMKw9KBKjUbRtiVNttBlSDsdkwdnb1u/7jcAYCORkyTFLY8yA2zQCSxCYM1lio315JjCZQ0QaDjb5z3vltEZgkWWJE2hHpxoIpm6jabSswQjYRhg0CFIc7++CgLUeqC80Aj0hkL9wjCGt0dOwXK0RmD4CcyVLWDiOWjB9PKBQ5I7cZdOf4eFG0CRLHNk/OzW/U/fbshxtWJEgs12584ZDyS0ZgeUIWDrAq8MIFIrA3MjSHSW9qHHK7XxJr5d0egoCLnSqiu9WHsT9h5JOzCxAm7rf4kQbViQIE4VcbMQgOWFt8UvBHdwhArl0gEMAdgiibzMCfSAwF7LEGxtE6cUNEBGbPEkSOd5ctkMgJ0tfkXTLVB251Nokpl0kHolFCoLkXGzbzY3vngYCJkvTmCf3coYIzIEsQZReI2nfbH454XYfqzR3uuJzN1xUTEwR+K/SM+L/kcg27sOKxJs1Xy5GYC4I5G44XuyOLHTg+2RivbcutI/ulhHoFIGayRIPHr5e0ECshEz3nU5iIZUdIOmTWV8QgMTatIgoQayCIEWwNteHFcmpRgqZVHdjUATIDkBIAAWtNw6glFIgSHeS9JeNtEHIqnCKz8UIVI1AzWSJNCUocUfhhNthVc/meIPDhXaqpP1SF74qiUTDTdLDkX9cDcQiRTklS1g73gjcshEYH4HcDUfi7ueO36WLT57+naT7Srpqoz/OX1fABLkLwyBQK1nipBtBxVGc+La/9QRReney4kUrfyLpg+mXsCIhIxDB2liRiENysHZ/8+Kap4dATpYemCytY44CsV4SXjdjDolJ5Bl7/Jidc9tGYEgEaiVLpCeJjdlm4v5W1CKiRGt3k7TXAisSwd6ReqS/XrlmIzBNBHJdMj5DSJmMVW6aJFT2b3QA3bTDx+qU2zUCYyFQI1kia3e8CX1Z0q3GAncG7X69IRB5mzTm72SK6AR5Y0Vy6pEZLAgPcSsEcgXvsclSM4yBgb1L0oO2GqFvNgLTQiBin8+ojSzlp0mcLqC/RYlr7Z2Z+jnikBdKOjg1+Z9J3BOS5GDt/ubBNdeFQClkiZPC72tAe7IkpFb8ea5rzXk0qxE4QtLLCCupjSwRiBhBkVgy8Pu7dIsAQfO8dUb5iaSrNZoY+6242xG7NiMwDAK8XDw9NXW7ERXqcbXhEozyWUnEIRLe4GIE5oRAWFhfWBtZIrs91iWKN+xul/R1Jb2tEchNCwRrE4eEy5O3T8qYD/puR+3ajMBwCBCjdGBq7upr9Mn67BVisPkLEMnErXnWJ+KuuzQEHppeXBCzfgc/10aW8hiam9hk3Nn6e5WkR6Wg7aj0nKS5ggWPkrtATVQ7g94VzQiBnCyN9WzOP8cBvT/PM1qEMx4qB5aIu8XCG0nfL01oPdYHsq/5MFnqFtmHS3q+pL2zaj8s6bWS3t9oKn/I2rLU7Ty4tnkgQDzQjdNQx3o2N93sl24W85gCj3KGCECSEK9G/4943Eizxdq/1KI61geyr/nA2hFpTRBRa27ofbVbW703l8SpwrtmA/tIEqdbdpw5zw1nslTbiqhrPDwUOZRQWrAyavdIbpDuJ8IJhkY+DzKnbZ4Djxu6E27PCPSMAKQoRJLDisTnDqsSe9xumSdqI0skxL1+AvnVkp7WM+C1VY+mCgGmD5Z0hTS489JpgHUCdCZLta2GOscTZOCYRhBzCaP9VerEmGSJnHTPycDglOv1SgDHfTACWyAAOSIekH2KF5EgSEjbYD0inGTly1NtZCl3w3GC485bgDunW1lInIC5t6RfzwZ+Ysrh1gaLPJGu48XaIOZrhkYgYoJKJEpgEWSJFEB5SqAhcaJdFPnzgm7aSZL+XhKpjFyMQIkIhBA1ZIifgxwFMaLPvIhgVeZrI+2/2sjSoZKOy2bRm/bqJY0VCZfZHkkzKZLawrCRYVhnTcprt2WpxMeH+wQCQQA4uRkuuNKQ4eEeR/PHzDqwTJU/8MJif1HaaNhwXIzA0Aiw1xDbx/7Od06O4lL7lKQbpbgjXozYx+Jra7d7bWSpeZLDwYm7L2MWGhsGRAmWTSzSkZJukC4Fsyfu4A3SZGnoR4bbW4cAGz8WUxT9Weus+91iEdZVMtD/88/PmGSJ4fIcxbrV1E9rQsFGRHJdnhnkguT3Zkwjbk++XIzAJgiwBonf43PB55jvvMzHCz1B2EGAIsYo1l4vn/HayNKeSTmaEx1RLNF/CRKQoxDpZFFhgmTz4BRAlG0SDuduuE01YpAmeIKkb6c4Egfmb/JY8bWLEODhijuJtYjAYuk6QTlZIgk4gaZjlzx1VNu+/Dyp+UOcYqM7U9KLElFlk6Pw/142tbYd9XWjIBCEB5dzrA86Eq4z/h/uNNYKayRIUZDxUdZObWQJ0JmAt2Sn4vjb2G9qo6zKxMIhSWwWeaQ/pAiX5e1TxwiMf+SWiTtzN0JbstQ8ptwFaRsLa7dbDgIRxE3wJlalKbiLcrLES03ol42N6v3SqVhwvGbPnYkA259KuqIkYqUobJg8X5rfF3UnJ2BYxr6Z3RvXx2Yc9eX1RDuL/sb1UT/XrQoIjmujvvidPReigMv18sl6AimI67CmBKFsjo/28vp6no5Lqw+8+AM6RNFf/h5SF/wc1+WEh7/lvzf7zGcUbHKXWf7zUGNc206NZIlBo76J2nRe7iTpjLWITP8CFmccicSnG1oRfIecQJDy0y78neSYxCFsU3ZClvJknf+bHpDRB8sPbDMb87w3tyZhmeFrKtaLnCyVKAKJu43TsmivhXWAk3Io+1P4P2RqUfqjea7G1aOGJETi8a7wyclUW1mMnAjRjyA28bmBGEGIyBVIPBB9JvYvJ5w5iYyfm3/LrUFBhroa9yD11EqWAO/Zkl6SocjpOBJBLtMJGgTwHhthkeNSw5zJAg+9CBYmBAmtlCdn7Z8v6ZkdvsHmZKnNusrjy5CTx9qVW5ocb9bjYqmw6rAm8SDHCjK1z3nuxq7hRSEIFZ/t35aEBMmXsk121RL8tWRx+Y90UW61iPtyK1OTEMfvbSxL1NckDM2+8X+sk7nVaZVlqWmByglE1M3LKZal3GK2DJPoX/59UZ/DikM9tBnxPfH7IqtU3te4rkl4Yvw59hU+QlYPqc2mNmVQUJrOCUJsylMeU953FjHHI9kocitSbsJviszx0II0gkXXJY4+t1lXkcePN9HfTXEO9CeXf7ihJFyELkZgGQKQbmKT+CxM2d1ea7qg/Bns08n+HE8WgTab2mQHl+KXeJDmDPsISa+Y8qDSeHC1QYSYQ743RbWaJOlnkt4s6Uk9jr0tWco3hqZ4KPMVGjOPkPTWHvvrqqeLQGiDsVaIx8Oa1Nb1UOKoczdcTaQi/6wTZE9SXhcjMDkEaidLTEiTNPC3qb6B8uB5dCITuBuCJOULj2tesyDAHRN4H9akvO22ZCk/ZYMQ5oeySvL5situco+U3juMBYlDC6wT3M2QpFKCobcZfE4q2h6Q2Ka9Ie8NKzJtzmHPGRJbtzUQAnNZuDyIPpql8ADeKVmYQhcp9E/YKJonfDjddlCK+4nlw5s21qShdE7akqW4bpHKOkGiEDu+XyDpVilodKCPhJspGAGIEbpJYU0t4Xh9V3DlZKkmyxL4MG+8IE35RbWreXY9E0VgLmSJ6XmqJPR8onxX0p8VHgiKFQmig8sB0oMZOw9cJeEtrqpcKynG99LGqbchligkiOBA3oyXlfzBeUjSxWpeiwo75I+yjfbTEGN2G/0jgIsKkgSh4HOAFMZUTrm1RSdPM1KbZQkMPi3pLinQ+xZtQfF1RqAUBOZElsA836hjDkp0yRGPxFtzkCQIU8Rj8DfGwTHeeyxYSJApxjTGaSA2MAjTKrIUJnmsR7de8kHI54kAbwK9XeaHQO5yCwvplOOSVs1gvuZrfC7n7vUaxze/T+fMRjzHRfvydGQ+pprN+PAB4nnaLK38DboZtMqpvqckt1SzLkjKqckK06advq7JCd2iNk5O1jz+t4qkQgghVRGYT5A3FjSXeSAAScLSgjUJPRosSVMQltxmdmonS/sk9zoY8SKISrmLEZgMAnMkS0xOU1KAv40tBBenwNgcInCbByiCYFiQ7txYVRy5J5ULgd4EdP+ggFWXq9s2u5PryNDXdWrAuebSLyT9zYCxVwVAOdsuELx9gCS0drCO1hSXtGpSw/Kyzo095YXxmWQRr03CZcpz4r63RGCuZAl4FqXaGMMlB2n4Xib5HoSD+IxmgSD9c4rbeG8Hqtstl0nry7As4YYjQLVZ2PjQhKIck6wFqyoGl3+V9FvZRcRwndi6N75wSgiEVRVBxsMkfaDCuKQ2ZImXJbCosWApxEpImfPeU+PcVj+muS9Y3ubYgHMdpidKOn7AmSf5L8SHwskvCAJE4dz0BcmIE2L8reSCqwSy1yR6PCB5UEZpG8CKwjhu0yhnSdqvZADct40RgBhwQAG3W63B221AwYKGVa1mslSr8Gab+fU1E0dg7mSJ6cPCxMN632wufQJrZwv7c+m2O2S3E39ydkZI2RBxL7Ytef447sF6dfd0qqZtHb6uPAR4QYEcsBZCL2mMQwmlIINWFAc7iFVcZFUupZ/b9OMaKbEteeQIHeCEsosRmAQCJkuXTdNXJO2dfv2+pGtNYgbL6uQinaWmKOhO8l5hebtvNtQvpo12zptrWTPfvjeQZ15OIEk16iW1R2LXK8NNXTNZYsQhSOu4pZ2uFN83CgImS7vCnuclW3W0fZTJmkCj56Q+hiRAHtTNv7bZCCI4NGBAJ4s3075VyScA+2S6GLphuGEhB7hna5UC2HRSgiyNETe5aV+3uf7FSf8Nlz2HamrTy9oGG99bMAImS7tPTi7Nz0ZMDNMPC57DkroGdhQeghRENNkgo2xz4hDXBPIJuE3zUvvmUtL87rQvzB0xa8Qn5ac9d1pfjfdBGjn5Wvt6vp+kU9IEOtyhxpVc6ZhMlnafWKwhp0m6XvrXopQclS6HrYeVW5Zwt+QkE4mDPJB+p401Y5ioZ+ig/J32fW73Md/hcmPstROBbeY3XNjoD9Usl0DWga8loLwetlkxvndQBEyWFsPNmzCbcmgBHSvpSOcoW7s2cWNSkA5oxiqRbRxL07YFEob7ppnixW+p2yLb3f15XBI/Y0mwy201vkGWuvqcdDeb3dcULnWeB4zXxQgUj4DJ0vIpam72fgtav5xzN1y4FbiL005sml2WO0o6PauQ9hbpO3XZputajwBuVywjzDfWREgSJ71cliOQW2G3cVVPBeMghsRphct+Kn13P2eKgMnS6onPdUG40oRpNV5npn+TIBe5gCibygVs8nFE0DMsgH74boJct9fmcUmQY142sBw4gHc9znMjS3G61S8469eGrygEAZOl9RPRVPpGK8QB34txizdGFLrR0InS99tyHpRvQrt+TXd5RZ7PkHpxuUGUas/l1jWG8XKxE2mNLvsyRF1htb9A0vWHaNBtGIFtETBZaodg7pJzwPdyzCJmiXXFyR5KV4Hdq2aqGZTvxLvt1vU2VzWDtyPhrbWvNkcVwmmytDluvsMIDIaAyVJ7qEla+8B0OQKJ729/62yuxMKzRyMlSZs8cF0AlGdtpz4HfHeB6u51NEkSZDhcbv20WH+tuR5Z21RAU0YlD28gztBaW1OezZn03WSp/UTvL4lTHBQrfC/GjZilGzbUz4d0KxwliaPXFMcvtV/bba4krgatJHK48bPjktqg1u6aPGZpDmTp9pJ4VjjXY7v14asKQMBkabNJwL3zsHSLY2N2xw7LEqfUrpL+NYQLrtkLtJ4iz59TKmy2vhdd3bQkcQ1rnxNvDt7eHt+oIeL95mBpyV88vQd1t4ZcU48IeKFuDm4EE/skx+7YfVoSD8LLp38dnwQjN0d5uzvyE3ImtTvDkjiaSHRLDViSON2Gy80kaWeYrroryNKQltjuR9GuxtwN1/fhj3Y98lVGYA0CJkubLxHEKf823eYP+q74cbrlutmfUEG/cHOIt74jP8GIy/TgZPLfuuIZVICbDZLEhhYkyTIA/U986JLN4ZlyA0nnSbqSpPtLQkrAxQgUjYDJ0ubTkwcSz0Ftty1CTU2qsRMRN3P8EfDtshyBSHIbKWkcuD3sakFq4TZJpLH2E4XEaPH5xHp5d0kfHRZqt2YENkfAZGlzzA6VdFy6zWRpV/x+JunK6U9YI3CBjVlyyQcH5e8+E2xakH8sSUGSPpHikay6PezKBW+sLHOwLIHst1P+Ted1HHadubUdImCytDlwn5R0QLqtT2XqzXs27h2oaBMrFAVX2DvH7dLFraP9FERgbGtXAXBc3IXI3UYqkigWkxx3dogHw7o3lxew70i6doqDc364cdeeW2+BgMlSC5AalyBKeaf0Nx9PvwycphvuWkliYXOEu7/DLrlLMGWO2JCxJlFwtWHR4GSbtW66X3eb1BhW0LkcSIiXmLEOgWwyN77WCCgnSwTBBtM3NMsRyN1wluu/DKemZelmks4vaCG9XRLWLspcNiTGilUN9w4EiRgRTrVBjNicIfs+2VbGIo2XjbmszZdJOkLSaZLuWsYUuBdGYDkCQZby00NPk/Rqg7YUgaYFBU2fc43Xxclsww1XoqxCCOHFVNWuwdS0IjFu3Ma4e2oPIJ7ixzFUvOfi2j8hEfgSnxVTXD/uc88IQJZIDIsy9S1TW7VvIl1AGpoo1HWYpGO7qHTideQkstRg6n0kEbcUpbYYJmKRws2GFSkKKWfsaiv7A8bcfUsSWmX3KrurnfQud407HKQTSF1JnwiwSPNNzkRpPdoQoydll83l9Mo6ZF4q6VnpIqwXpQZtNi2DdHnqJ3LQRoIk8T1KiEiaJK1bueX8P+LG4kBCOT3rvie2LHWPqWvsEQHIUn682hv/arA5Bfc2SYiqUYj3IJeTy67rqPS4CyxMxDBFWhTm732SXiTpcxOZTCxHQZDyzZWgbQgShNXxSBOZzNRNgu0PlETKk9rnLvYdH5KZ1hqdbW8hS4+T9IaEAElQMQW7LEYgNx1zBQGKrzBYFyOQY1OyZSmmC6XxR0l6cWP+/knSQZKuKum/Cppb3DRspFiPsI41rQ/WRyposnbYFUgumldzyA8XliWfhtvhYvFtwyIAWfp9SV9IzaJyjCvOZXcEmkTJH/LdMUI75ZdJlXcqQe+QplMbViZGxhsvBCR+HjooGkKEojOkiJ/zGKRAHisSxJQvH/2f/lML3aujZyJMGadTXyLpudOfOo+gdgQisC6IgAlAO4uSTcf1fTKQhDg8O+jQHOHPU547SAmpKXCTsA540djGZQIZClLEz5CiyMu2COXQRoIg0Q+XehDAavjumUhbnCmJE6rPSG7jembRI6kSgSBLeb6zqQe7djlRvOlhbds/qxQ35VOTmF+XbbmuMhDgzZ5Na5MgWwgUX6FbFCSGzxdEaq80NOrki/VEEtFVpCi3HlFvfNmCVMY66aMXIR+AmnoerN9HW2PXGSeKD8nCQMbuk9s3AksRyI9s5m6mObvjiAtBxO/eS6wMc8ZmTh8lgsCZa9bDHpL2lnS1HgHg9BokKyxX/Dy066/H4bnqlghAriESNR8cQRrhQwkPHypquTB82bgI5GSJzeBdKXZjThICETjLW/4qiwKaPJzyckzXuGt27NYjuBp3WbjNbrxhp3DdBTGCEIVbb8NqfHmFCERC3dtV7GbFe/E6SRdJukX6XuFUekg1IdAUA2Mj4JQCmwDk4AmSyIU2tQIBovCdr3CD8DNj43u+2a0bHyfeXuMg2nUwzfb/4V6L77HusBLEV7jqHGc022XSauAR5F1zLA+ubsZp9e5WS8IXlYDAIuVU9C/Qb4mYjU1imEh5gXozMVBBuPj+Gx0Pls2ITSiIDz9DfmKTCrK0TbM/SSdTOLUxlZNd24zX9xoBIzA+AjzHzk4uWFxUNZY4CTcnD0aN8zirMa2SmScFSgQ2fzXpCZ0lac+E0E8l3TRd84eSrrzg+PXUwMQ9glvEJ42mNnPurxGoBwEsLrh2a9Vbir1lCnps9awqj2QrBNbl5OEo9Saii7juQpsGCxO/Y/1B4C9Kbv3J3WX8n9/XxX8QCBuuDa7nwcLv15P036mRcLfxa7jgFgFFX3GL8EWswDZHwLeaCN9sBIyAEUgIhLp16Ur4O5kwDklwopiX7hrHtxNMfM8EEFhHlhgCqT0eKekekm4l6dppXN+VdJKkb6cvLDIQpBJL7pYLglViP90nI2AEjEBICPDyVlvqkzw3I/piX/R0G4EpINCGLE1hHO6jETACRqAmBHBRETtam/Xl2ZJQ7T4vnYSrac48looRMHgNg/cAAAQWSURBVFmqeHI9NCNgBCaLQK3WpS8n/bpXS3raZGfHHZ8dAiZLs5tyD9gIGIGJIFCbdelgSR9M2FvcdyKL0N28BAGTJa8EI2AEjECZCGBd4vAJit41xC4dJ4kcjJyq3q9MyN0rI7AYAZMlrwwjYASMQLkIvFLS0yUdk4Qcy+3p6p6RNJfkuRTcb7jhXIzAZBAwWZrMVLmjRsAIzBCBPHaJFChTTaT8KUl3TfN3HUmcpnYxApNBwGRpMlPljhoBIzBTBCJ2Cc27IyaIwUMkodpNeYqk105wDO7yzBEwWZr5AvDwjYARmAQCxC1RpvbM3kPS+yShr2S5gEksNXdyEQJT++B5Fo2AETACc0Tgyckic7wk8nVOpURiYPoLYYoMD1Ppv/tpBCb5luJpMwJGwAjMEYF7SvpwGvgdJH1+AiCQLYF8mzdKycghS6VmeZgAnO7imAjYsjQm+m7bCBgBI9AegcgZd6ykw9rfNtqV0V86cLeUpHy0zrhhI7ANAiZL26Dne42AETACwyFAsvDTUsJxyAcaTKWWOMVH/3C9YVVyMQKTRcBkabJT544bASMwQwROkPQYSZyQe2zB43+PpPun/iF5UDKxKxhGd60UBEyWSpkJ98MIGAEjsB6Bm0s6VRKWm4dJOnn9LYNf8QBJ706tTl1Mc3Dw3GCZCJgslTkv7pURMAJGYBkCL5f0zELThhDU/fXkKvyxpNtOWEjTK9AIXIqAyZIXgxEwAkZgeggg8ojY42clPa+g4OmPSzowwfkMSaRrcTECk0fAZGnyU+gBGAEjMFMEsODgjoOgEPA9dgmlcfrhoO6xZ8Ptd4qAyVKncLoyI2AEjMCgCJwjad/U4iGS3jBo65c0huvtBVmi32+k029TzWM3AoRusnQETJZKnyH3zwgYASOwGoHTJd1R0kWSjpSEyvdQBaJEMHdIA5goDYW82xkUAZOlQeF2Y0bACBiBXhD4WEZYPiPpLr20smulSBggZRAFtW5OwtmiNAD4bmJYBEyWhsXbrRkBI2AE+kIgV8ymjT5Vs/P4JNo6JRGlvsbmeo3AqAiYLI0Kvxs3AkbACHSKwMMlvSWr8WhJJ3YoCnmopBdKuk5qA3kAkuVCnlyMQLUImCxVO7UemBEwAjNG4ChJHN2n/EgSUgMXppNznJ7btDxe0iMaaUv+UdKDN63I1xuBKSJgsjTFWXOfjYARMALrEXiqpAOSHtOiq8+U9H+Szk0SBN9Puk17pYtDL2lPSbfPKjhLEhart67vgq8wAnUgYLJUxzx6FEbACBiBZQgQiH2QpIMlXWMLmM6Q9A8WmtwCQd86WQRMliY7de64ETACRmAjBPaQtF/mSruRpKtK+qakIyT9UBIxSFEQvKS8UdJJBamEbzRoX2wEukDg/wGEHlByK8uFkQAAAABJRU5ErkJggg==');
INSERT INTO `valveinfo` VALUES ('FD/L-2019-000002', '深圳市百度科技有限公司', '广东省深圳市南山区百度科技大厦', '刘备', '13789175344', '11011206', '双效浓缩IV蒸汽管道', '弹簧直载式', 'A4K8-16C', '0.15Mpa', '水', '0.15Mpa', 'ISG ZF001-2006', '0.7Mpa', '0.6Mpa', '离线校验', '压缩空气', '不合格', '无', '解体、清洗、校验 研磨阀座 ', 'data:image/png;base64,iVBORw0KGgoAAAANSUhEUgAAAWUAAACxCAYAAAAcXaw2AAAgAElEQVR4Xu2dC/B321jHv6ZChuR+bXQZTJiRS65TIpw4J1JIbocYEjqhlMvMqUm5H5w6LqUwHOQMh3Dch0qUuyETxVG5lGvIvUnzYT/NY539+/3W3nvtvdfav2fNvPN/3/e/9rp819rf/aznts6nKIHA9hF4kKR7SHqfpBdKesX2pxwzbBWB87U68Bh3IJCBwEmSnibpikndsyTdMeP5qBIILI5AkPLikEeHCyHwM5Le2PX1CUn/JekHJV2++7/7SXr6QmOJbgKBbASClLOhioqNIfASSbeT9CZJvyTpc5LuIAlVxg0lfUjSVRubUwz3CBAIUj6CRT7CKf6epFMloaawPwbDaR0x8++Qlo9wc9Q+5SDl2lcoxjcUgQdKOr17qG9/X0fSO7rfh255KLpRf3YEgpRnhzg6WBABPCz+QNL/SPp9Sc/e0fe5kn5Y0sd7jIALDje6CgTOi0CQcuyKrSAAIT9L0kcPEDLz/YykS3QTf7ikR28FhJhH+wgEKbe/hjED6TclPUnSpyXdv9Mj78PlW8kv4z2IXVQNArEZq1mKGMhIBJ4s6RRJ/6rvkPNLM9q5j6RnuHrXkvSejOeiSiAwOwJByrNDHB3MhAA+x6grfqEjZH7mEqupOmxoSNdPnWmc0WwgMAiBIOVBcEXlShDASHe2pJ+Q9NcdMRMcklt8YAnPYBTEjS5KILA6AkHKqy9BDGAgAhAxkXpIyi/rCHlgEzoxyX9hUvL3Srq5pK9Kequkx3dBJkPbj/qBwGgEgpRHQxcProAAKgpUFhDyUzod8phhfFLSZTMfJCLwEZLeklk/qgUCkxAIUp4EXzy8IAIY8YjSY8+iasDAN6ZYtN/QZyHnmw59KOoHAkMRCFIeiljUXwMBI1I8LDDSQZBTypclXahr4GuSXt6506G+wDNjV8l1uZsytnj2yBEIUj7yDdDA9D0hY6AjOGRqQSdNWxSkX0/yGBEf0CUx4u99JX1m6nji+UDg/xEIUo7NUDMCFhSChIyBb4iHxa55XUrSp9wv9xEsWeXOkMQzviAxP1LSn9YMXoytTQRqJmXLhRt6vDb31tRRm4T83o6Qp7Znz6ekfM89OTLsGYx8pPtMC8bGx0rCcBglECiCQK2k7I0x4UNaZKmbagQvC/yQ8UFGh1xCZWEAIP2+yKFxdUkfyECHZ3g2LZFpLgO8qJKPQK2k7COuciSZ/BlHzdoRMEJGQubvJQmZuZtKhL8P9ahgX/6hu73EsPyYpLsVMEDWvjYxvgUQqJWUfcQVd6khjUTZPgLojZGQ2ZeljHopavg5Q66Uf5R0jYGwYvxDtdZnBGSfEogy1Ttk4JCi+pYQqJWUb9NFa4E1OXGRlqNsGwFIjpumLziThGzo+QxxY1Vj6KX5aJDU6GLJshAJSDrQIOZt79fZZlcrKfvbIV4l6dazIRAN14AAEXrvlvQNSb+ckVjo/d2gh0q5qZEvV5+8CyN0zPg1E5rty39K4gaUOOHVsLsaG0OtpJwmjKl1nI0td5XDhZBRWbDmXHR6KPXmFCOwN/KNUV3sAnBXlCCqDDLQRQkEshGolexSC/mlu4ir7IlFxSYQgJBJTo+ON9egO8UI/ExJ9+qQKU2Y15f0kB4PjbCJNLEV6xlkraT8PEl3cTDVOs56VrLNkZiEOSS50BRJGRUJxkTKXFF5fGTw8PAl3Oba3J+rjLpWsvuSpAs7RK4s6V9WQSg6nQsBc30j/SbSb260ng+RHurSRiQfemUi8jh9zVX6dM30eZKkt83VabS7DQRqJGUkGSQaX35kBn/Vbaxgm7OwnMjsP7wucgmZ2X6+S93J33ku9X7Yh8gvdga4+y6UJzlVwzG2UGe0uWcXG3WNpJxe1TP0xVsMvOhoFALmaQGZYtzLvcKJzlIDMP83lxpi1OR6HuKj82JJ13a/I2cGH4YogcB5EKiRlO0iTBtszu0Sl5F0TUlEVuWEzMZWWA8B/M5PlvSgETmRIfIPugRBSM1XbcQI/GpJJzjY8f4gG134M6+3F6vsuUZSZpPexKF1yAjkI7S+2fmN8uJHqQ8BC3HO+dD2jR59MKTsVRY17uFdyPe5zmEYPK0TKOpbsRjR4gjUuKF9xBWA7PNdZTMjcfmCBIJBpXTOhMUXZ2MdcozHVvCFiSHU3tAHRDXu4UNLR/ALgStWQmo+hNgR/b62Dd2nM9xl5PNSx7ldkpgLdGsXodn1bWJ0x6iYpuqAP54kBLqupHfWN92DI0qlZrwzMAKGOuMgdNuuUBsp+wxeIE9y8zTxC0dYoqS4r41CroEbJUaguV2etr0rys/OCGhsrgk/otclYc0tezNwoiPgxG5BYZ5TP1rlVy9aXBSB2kg51Sc/x2X0MmB8AAASEpKSFa/6iM296Fba2Zm5OJZKVk8SIH+PXgmiXxupNFfzj0n6yNqDiv7XQaA2Usb97aIOCq9PTn0+nyvp7glsJTKArbMS2+0V3f6VJJXyNU+P/VsgZVbfE3NEAG73fTg4s5pIOQ0awSCETysF8kVqtvIbkv64Z3ZBygeXfNEKJBe67YC8FjmDS0kZf9+t3JXn0wvg2kn2ubhqKmdXbKhOTaScvmymuvD/T6j1nfYYdjD4mQ66dMKZDS37IlPxVzp5nenUzlNjMDlSnj+10YqeJ9CEyENK7OGKFmapodREymadt7lfS9IpTqec41Hxd53Rjzb69NFL4Xrs/VgYNYZaSHRIGPUh7G4p6TWuUk17+NDYc35/cUlP77LNERyDEPLanAejzjYQqGlDe9UDF2a+y/kg5+oNLeEMq8Pxz/uCbmPF6p+Fz4/Mh3VIGHXO7FLbwuU3eMS/laRzOjBy934OdlGnAQRqIWU76hpkT5N0v+4fu/THffCmgSe1zK+BrVBsiBZGnZsfeWjHj5H0O91Dn5B0haENNFLf9nLkyWhkwUoNsxbSsheZeeFjjC8yZaiUgEfGXbtnS94sUQrvrbdjH9c5VUfexvACSXfeIKj+OrQ+L6MNTjmmZAjUQsqpPnkMIfOMf2EhZXyVIfko8yNgemT8kUsa9tKRm0cH/79VX3Tvi03+ZW41iXIkCNRAyuggCZ29kMOc4+njRqzBGZJ+3T1Xw/xGTKO5R1hDsqBxE3Vpw14Khvk98/+lfJ9rA3xKIv/a5hLjGYhADaSV6pMPZYXbN0WfMW7LL+3AZZ69Oied78+8iXrKYCB/PBIo3o99Sps1PutdO7fkh10j1tWNqQZS/gdJ1+uQwRXIDHxjwEp9nVtNVjNm7ms9Y/aAnJuop47R+yjjoTOnmmTqWMc+fzlJGDCtLIHr2LHGczMgsDYp44OJsYZCrD8x/1MKORHQx1mZk5QJUoEU+EnOjmPM7jXm4tMp6zvl0tQp/S75LOo31HBW4ib3JdGvoK81STkNqy4hEaSS8pyGIPygf9yt4VBPkQqWf9IQfMQefy8ZILJrYN7IN5fL3SRQCjwc+uQCILbcxFqkjHTJ5rOQ6FL6wVRS5qqgD82wQH15nzFAnXgk11GZpwXrxt+XIGSW0Rv55vzgzrBlspp8YaeXt8qhT86CbVuV1iLl1AVuinHPr4gny6HXzw9Z2fT2C3uWPM/kK9h6KZWwfihOPjhorb07dMy59dNc4nPu39wxRb0VEFhjY5th6L8lXbibc6lwXK++mDPaaxcpY7S8wQrruGSXc2R+yxn/lo18dvKwrIifcQFUOdhEnQ0hsDQp24v1xe5utYtIKpX8nGW5hyTc4ihzShreZclHINIvEYVnbmiP+KnYR2/OiL1d0PkPbqmTVQ3LBBHzkYeYrWxVX14D3tWPYUlS9nrkP5d0rw6dMVfN7wLWk3JOVrmxC+SP0R+TdEXXEDlx7za24YqfM2xxRVvKsOfh8Ea+EkbhWqD282JMa3zwasEixrHwTcB21RObDoK+SRcAwN9LGYr8EZfENQ+bYZVTrxH/gaG7b0o6/wz9rtkkuJ5d4CbqKXPwH8KLFdwzU8Y09VkvRNBWyVPj1LHF8yshsJSkbJuPTcctIvycQyrwm3xsqPahpeCyy5e7Skj6T0oe2pJngJ1wIEIk5DX8sbeoTx5yc/uhPRm/3xACS5AyLzU6WAq5CtANntz9uzR5eVJ+cA9Zlli69GW6RHcTir91u+Ublj1GXt+5pp7zyd2FB4ytpLqrxH4Y00bqEkoba+I7Zg7xzEwILEHK5luKAeyVHUHzss8RJutJuTTh2xKQPInE6hQzJqbeGFvJgWv6zrUDY7wL5RaSEKV65FKGS94r8+Bgf3JhrcUAcCEx7zv/5+vwgUifs397QSOlIFSO/o/9nvfd/z+3z9A3Ebtf6ipZnZlore1m5yZlc38zAvakOYdkMDcpEwbOPYFWHiLpNElvlnRj9/9rk1iJXWlr97JObVGizTFt+JPWFnSuXuoHD5sTRHjNjiDNE4O5e2K0v6ckug9XUtjuu4EH0oYkKaltx8jVSNzq2b93kbn93t9MzzyZny/Wnydp/m798DGmDmMsfYPNmL24yDNzkrIRJIBy5AdUk3j4eu77Co+dvHebmkNS/hNJBIhQ3ifpJyV9vSNmjtVW5vT8GIvNkOcskGGO08yQcVDXB1XM8SEfOp4p9dMAEYzC7xzg2867BEkZaRmR7vo//v+znYQKUXryK2VcP4QH/fZ9TLyEnv7dk7lv30iaEyrj59/s0U2VuUjZeyjYi+R1sXO9XJ6USwWk+AX3HgA+BDZVX8zpIz33BqyJkJmrV1205HXBOwAhoS5g7/+cpMvuWDyEFJMQ/U+b/1IEOvfeGtI+2BmG/icEDqa+GGaWGAypvFnM5iBlbxzyPpd2HC6V56Jvgf3RsLTukavs8UGm4Jv8U05i8TdF8PtWcxZYkiG7PWTtje1VF7X670IYkAQ/GS8/Tf1A7mc+JBQ+6Pa+cbrCY+cvj+lYPoSRM+pahkbL1gjmXsKGqO10/vYuHWoTKpA5SNn8kSFf80H2ycnn1Lda36xp6blxzLx2t1lSSTjNTncLSa/P2Fg1VbGTDIQMOfsj8lrj9Mf9OU4+Q+cFRvjXp+Tr2zEVAwTwCkn/IYmLgH2A0ZaCX4ZiOGd9k67tw2jxEB+URHIyCu8ue5uf7PXqiLo0ce0ytJkE5ol6jsWZk5R9Mv7U3S69hqq0lD4HVr7NGoJD+uZo67mGbpsXHAIGG/74MGg/VnuxedHxqvB62z7XtyDkuXfzedv3pxhbSy9Vm9oDo/bqJF2SlL0eOT1qcn/bCQuEkM5pSPT5LlLczpF0q24v/FuPzmv5bZjfI+tGvhCO2WzYGiRkRu9VF3PZIFKU6PO2HQ4IEmlB98sLbMfifYE0tAWudjsKAglCC8QdZX0E2Pf2weWnkTQqO1StrC0kvXgpScqeENMcu2YgK9lfH1jWzxySlTfmpfN4g6SbdQNqyW2LdeIKLi48rUVlYetqqos5bRD0hUQMEdNfKg3TNyRqktSQD5b3RaadtaIhFyeVRjtkfSBnPpyeoFlH/ixG0KVI0ox4rEeq+zPj2xL+rnOS8lsk3VASfp/XSDaefwHn1JmX3O+WLvLDku5dw7EtmRwf1p+WVCqwIsWOl8+kYh9MgTTMerKnxx5l/X6gvSUvAii5R461LQjaSNp7epArnQ80mSFnSzdQgpT9bdQpIbHZOfbzcwldmpHyHC+yqS/6fJC9LruFMGAjZNa/VglujtMV8ybEH0IuTcRGYH/RhUzz77Uy6h0rmZaeN3vEyNlSQ1iqXt551hcjf9EylZQ96fYd230AiX8Jik6ia2xOD4/TJT2w66dPEvbXFNVOyhzR0HWi81ziQzlmrUuertgXXiq28Zhqwo6nY8aZPuNdMl8s6fYlGo02qkHgDp2Kg8ttrRDh+ypJfyvprBIjnUrK+9QWjG/J3AneMFRahfCp7iaIXWk5fVDJHJGEJdaaNlogZMZp9omxHw1zherTE6NGMyIu6YftVRZznNRK7YFopwwCSMjmnWMtvlbSWyURt/DJsd1MIWUfode3CdPscEOMJGPmM5e13s/zBZLunAzOS+j8qlZS9oRcszRvXjxDDXxmsDN9oF8mggee3+mJSxKx9eHVV6UFgjHvQjyzHAK8V9hkCC6z8mVJeGQ9TtI7hg5lCinbkX2XISNNRjR0bEPre5e8ksTovS5+V9Jjk4H5jwG/qiHIIcXOf1hqJw1TAeSOE/xP7XR/qYrMdH5zGWVSt7fcMQ/d21G/fgSuI+kJzgXSRkzU5sO7LHlZsxhLyj7SatcRE4kE15IlfUwtb3MpYrxN4grTlyc5vYlkLKZZCzaikifkmiVkm5qpgg6tIfOCjM0P2J5HwkYggNznPJ1ByNzGYm50QcgjNucGH2FfEMmZZuYjnS+3FH3oUF6OMQTij+u73NyWNPDZunryKSUp+0g9rK4AzU9f0qT3YzCda29ylMeox5q1oOe0fbMviyAkaJKxx41nIGIIeQ4VRbrmEDK48hFASKHfKIGAIXAVSY+ShHEwLexTTnG9gURjCMQb93aFE5uhZkki8BJriTBnyPYlLqEMin2kobSk96yNwXSOrexdFWtN5pPO23SzfacrCBAyhgD7yJiNvkShf8ZhqpKxxsglxhp9rI8ApIxuuS9VMfl0vtblybF8HB8dSiCe+HYRbmlyzIXVS6yHjr45baI/frSreANJ5L9Ii09GVEs0n1cvtULI+/YNHxiyqvmNjYQKERf3E92zOfxaI5kzrrEBJjl7MOpsBwFcJG+0J30rM/2EpCsMJWVz+9mXWMgMNXOEOu9bIk/KJSRl1BSX7DqEjCHlvuJf1KXnfGg8EDIEPfdxvsSrs8s3Ob2pg75QmzGvOXXGfk5IxaiBLB8GhFxTnpAS+Ecb8yOAUEHKX7jE+zr7nq8+hJS9JLPPqLG0gc8m5I/rUyXlhyZeFvvm60ljbam0tg/EkG1u+8bUAd6Fz9qBDJnjkvpb9j36Y5PS+SCgsmrhQzcE/6i7PAKoNkgE9ivd/kJ9d88hpJyTgW0NA18fKU+RlC8n6V3JMWNfezX4qKaS3Nofh6Hb2z6oZuDzdgtrC3UZhLwkGXpDKeNowXtlKPZRvzIEcknZ8u3y8u9zcTOCWsM9yEvKU0j5JEkvd+t06GZqT8pLuf/tO1q3RsjMxTB8bne887pj9PSoKubyNd71Sqa2AgSO0B9XRmBbHE4uKdtLs8+QtXQEX7oe3gtiivriRYkbyyH3Op/34lDd0nvIX71F20t6u5SaSxp849tdQzqmfx8yHeqKUisd7WQhkEPKd5JEeDFlH+nYkXMtSc2T8lhJOSWInAtQfd6LHDyzFiaj0laCF14p6dbJfMkbQDj70tIxHzn0x5wM1/DuyFj2qLJ1BA6RCJv03Z0Sep8Hgg8omSKlTsHbqy/G3np8ny6ZiI0jRw1jpLwv4GHKvPqetdSb5iu7htqkxJzO7MklguoIQeArJToY0IY36EVS+gHARdWyCBwiZe9ZsM9JvoZr6ad6X6RS8uckXVkSP3cV74a3RBJ/xpF6JbQYvMDHxIIwDFtSIJJEHH/kpYvHtJabvJfGIPqrBIF9pOxd4A5JgaZXXVNim0rK6Y3UL+xcVfYt1dJ5JfwcW5bmUqw/IuleK6grWFswxZh7qQXukKzktY9h1IzAPlL2xo59rkCpO9Na850S0Xc1Seg2vdU/x2jnySWn/hRsvHsWhMx8W/QGQPdP2CkkSPnfbi4kCV+6+MjHcHdbGv3orxeBXaScSmT7bg0x8l57U08hZaJrSD5khXv4uI/vSwf2jSflQ6qgKVvQr0fr0WTklyXNoRXyzp44BZyRz9ragSfkHLdMjwQyHiuLwC4isUARetvnZoVkiSHQwq7Ljm5Ya2NJmWARjEueKMiZTO6LQ8U+SHPmvPDSXOuE7LPuGbZjPWUOrc2+35unEHgiuS/t5TFl7PHsxhHoI2UvlTH9fS8NCXsgrxwvhbmh9DrwIR4gvyXp8cngclURc2fD84TcugHqrpIIDvFlafdJn5S+9Q/c3O9TtL8SAn2k7CPUDnkU4A72cUlXXGn8vtuxwSuM//KuoW9nasqczxclXWSmRP4t57Hogw/f48smv1hSSvZ+3XOebDK3TlQLBPoRSEk5dQvbJzEaadQgJTM7P/ZcP+VbdXdpeXR+u7vW5dCeGfsRONQuv/eEfOjDmNPe2nXWlpK9XzeZ/DgNLplDY238o/+GEEhJOc0X25eYmelZUAnkx4ZfKoXiPmh9AEsuKach1cyDnKc5N9GamoeXm/5KlZqyzpWak7/n8BuSzn9ALVaqX9rxeVu28IEriU20VSECKSnnGvhM17m0TnAfhEOvg+IonZIvEWZIdTllV/7fnGf76vBR+TNJt+9+2WIei11zJxcxBjUrS83NuxHWcqIbuz/iuSNBwJNyqrrYFylmuW+HGNTmhhS/1091nVy65y69tP+H9Kgp0C3nSMm0VTIjXprHAhL71bkBW7D9lJSX0CV7I2kQ8oKLHV1NQ8CTcu5dc7bZazwK4gNLuW4GLP5ITXWSLpEEJ7dYzotcT41d7aY5e2vENReTHEl5Xw6Vqf3Y814Nt2aUaan5RDtHhIAnZZ9YfN+1RjVKySwZ/sZ4TlAOSby3lPSaZJ3J/k9odU7xboNTgka8NEe/WyRk5mWuk/z9+ZLukgPyyDp+HwchjwQxHlsPAU8oXp+867hnEkiN5DHEGwLd7b0d7Li2XXTAMtiLP/ZOPvTHJN7xelba4t81GE0HQJFV9XmOiB8m6TFZTw2rlKbd5MMZQSHDMIzaFSBgpOw9FxhWnz6ZOud2nhdL6ASHwjOElJ8hiTSdVu4n6ekDOrTTwpjQ8lR/TLcEMuDFslU3ra9KumCH71z6XX9dWVxqOmAzR9W6EDBS9tFwjLDPpay0t8EcSJied59KgZwWb0k6H6KCmHLtFM8iIXtXw60TcmqrIKT9NgUXHyyxD/AzovQKAhtNrYOAkVGaXyH1TzYplBwXtfglp4jlusSlvslDJTdTXQyNCrP8wT6509YJmTVC+v8eSRfuFgz1DCetEsXnQR6rSioxjmgjECiGgJHyX0n6+a7VPn2xJd5Zyr90zARzSNkbA62PoW59proYYkRKDXr0DakjOW9Rh2zYmpSMaoGPOeWdmd4xh/YA6qdHRR7kQzDF71tDwEgZXbFJxw9Obn8w1YZlgqtZ73lIfZEmV8cAdbcBizbmyikfoWddtZ5cKBcyDG3sK9wNfda9qW6Ed+hyMtP2GL1+7vijXiCwOAJGyib9MYBUciwZJDH3BA+Rss/l+5kuBJfcybnFVBe53ifpR4B+jiX3ApehcnEApInK5lQH8lCVkV+f0yU9sLum6wHuUt/cNYx6gUDVCEDKqeeFN3qZSgApeV+i+xomecj74qQub7KN9SxJdxw48CGqiz4J+VgIGVjNHY09lH6cxpAy0jGXEdiNKw+X9KqB6xfVA4HqEYCAvS42NZbUcqtIDpD7SJn0mi+RdHPXEIQMMecW76FyKOGRD2Cw9nOl69zx1FzPdOimpriqpH9yA+ZOvPsOmIBXV0D2SN8tXoU1YMpR9VgRgJS9ntQb8rwuuXYpmfXbl/uClxqvCytjPACMaA55XfRJyBAyRq+a9fEl3wG7jYYPvpU3S7px94/PS4KoP53RKQY9/MopQ8k8o/moEgjUhQCk7D0DvEeBScljjpprzPJ6ksirQLm+pLe5Qfx7koj/FEnoJoeUHA+UZ3a3Mvt2a8qkN2S+Y+uax0UagJQmJbqFpNcf6OTvu7WkGpI1pBwlENg0ApBy343MlhTc/JJbkPB2ucSl0XsY9q4xYlXf1RlBd7nCIY3jZYBPrpVjI2ROVARysK/MBc6wSINI9km9YIlh8Ordw60IBiO2VTwSCHw3Arw8Xv9pulL7v5r9ktO19OoLM1YSOYbqwBcywUGeQ8ohH2iMiHeXBJlYaQm7IVjsq5vqkn3dq0j6YPJwXySlD+4p5dNcan7RTiAwOwK8FHYspzN7SQ65ls0+sJEdMG6fGpJbqR/q2nqqpPuPaNt00k+QxHVRvly8y5vhCfkRkv5oRD+tP4Ku2Hyw++byBkk3c7/g0tonun97FcerJXFdV5RA4KgQgITND9mMX9zszMsCeUFirRSvhrGPC4akS3YT+BtJJ4+MoMMvFh00eSsIrvElVY8cq+7T8N8XIZnmWEGVxIcTAn6cy5qHuuKMTENgK/szxhkIZCEAeVl2LXOHO63LEvdrPTmHsxpdqZJJWfZx8UnsPybphyaMy9pKdZtXk+SDT46VTCyD4D4p2eDvCzn/pqTv6yr0ffgmLF08Ggi0hQCkDIldySVYRwXwdkl4M7RUTGLFgPTlzpfVxj/FUHQFSZA6hRtN0HNa+bCkH+3+cczuWiYl54ZPQ7yQc1o4tbFWkQe5pTcvxloUgZSU0S8jcc6ViLzo4JPGXtcFh6BThigx/FGGBomkYzzB5Vr22c28QeqtXdL8D8w5wUrbtqCdocEx6ODtD5LyZ7vbYyqdZgwrEFgGAU/KuG8hMUNmGMfOWWYIxXrxSZWsUcgSUjZJd0xnYIHe0wecpGHDQ/IxjxlDzc+Yp87QbHs2J/t45gSS1IxDjC0QKIJASsq8WBz9b1Sk9WUbeb/za7WeS5Cl6ZM5UnM89+5x9HNXSWcuO9VqejPD3VApuZoJxEACgdoQ8N4X+JAS+mrkU9tYD40Hsjy7S5yEfpfLOkvkKsbNC0OWBY2YuyDjmaKrPjSfFn5vH6xDuUBamEuMMRCoAgFPykTtQT7HTjTpwphahBwMuLtdp6swJstcFYteaBCWM+UYg2QKQRjNBALnRcCT8tclXcAFkARe362q4MbrH3CglFCNtIwxSYcwfLaQrKplnGPsR4ZAmvuC6R872aRbACMhbnFWShgPW99mlsciTlWtr2SMvzoE0tSdx34k71sg01WjxuAuQzwvjrkgGSMls3fSC3aPGZeYeyBQBAGTiv9Z0nKnAqkAAAUHSURBVGUk3alBV7giQEQj2QiYO2CamjO7gagYCAQCuxEIVUXsjiEI2NVh6Q01Q9qIuoFAILAHgSDl2B5DEJgaKDKkr6gbCBwlAkHKR7nsoyZtQTPhAjcKvngoEMhDIEg5D6eo9R3jHi5wRPGVCMoJTAOBQKAHgSDl2BY5CFi6TW6R5mLYKIFAIDATAkHKMwG7oWbDBW5DixlTqR+BIOX612jtESIZc/t3bq7ktccb/QcCTSMQpNz08s0++LG5kmcfWHQQCGwVgSDlra5smXmRBY50rmHcK4NntBIIHEQgSPkgREdbwbLAhXHvaLdATHwNBIKU10C9jT7J9fGFTkpuY8QxykBgAwgEKW9gEWeYQuS3mAHUaDIQyEEgSDkHpeOqg3EPXfJ7JaHCiBIIBAILIhCkvCDYjXSFCxz5ksO418iCxTC3hUCQ8rbWc+pszAUuktdPRTKeDwRGIhCkPBK4jT6G2sLyW3BnY5RAIBBYGIEg5YUBr7g7ywJnt3ZXPNQYWiCwXQSClLe7tkNnRhY4XOAg5yiBQCCwEgJByisBX1m3dhEq0XvvqWxsMZxA4KgQCFI+quXunaxlgQsXuNgLgUAFCAQpV7AIKw8BKRk3uHCBW3khovtAAASClI97HyAl43HxnEhef9wbIWZfDwJByvWsxRoj4UYRQqoh5yiBQCBQAQJByhUswopD+FYkr18R/eg6EOhBIEj5eLcFemTc39AlRwkEAoFKEAhSrmQhFh4G4dRnS7pd3Ey9MPLRXSBwAIEg5ePcIk/qjLzolKMEAoFARQgEKVe0GAsNBaPemZIeEYEiCyEe3QQCAxAIUh4A1kaqPrubB/7JUQKBQKAyBIKUK1uQmYeDUQ9dMuHUkQVuZrCj+UBgDAJBymNQa/eZl3aGvdAlt7uGMfKNIxCkvPEFdtPD/Q3VBT8/ejzTjpkGAm0hEKTc1npNGS3Z35CUieCLEggEApUiEKRc6cIUHhYXoD6r0yWHlFwY3GguECiJQJBySTTrbQsiRkoOXXK9axQjCwS+jUCQ8vY3giWwv1h4XGx/sWOG7SMQpNz2GmK0O6UjW26g7lNN8H9vkhR+yW2vdYz+SBAIUm57oVFJ3LabwlN61BPokvFL5obq0CW3vdYx+iNBIEi57YVGAr7JHlLm9wSJQM5RAoFAoAEEgpQbWKQ9Q/SkjPrCu7uZlHzTTn3R9kxj9IHAkSAQpNz2QntSflBypRO/I/lQ5Etue41j9EeGQJBy2wvuSZncyOiYKeRLPldSStRtzzZGHwgcAQJBym0vsidlr6YgnBr1BeQciYfaXuMY/ZEhEKTc9oJ77wsjZYj43d0N1REs0vb6xuiPEIEg5bYXHYn45G4KRsrcvYfvcrjBtb22MfojRSBIue2FNwJmFpAyvshvlPTecINre2Fj9MeLQJBy22uPC9ypTlL+WUmPlHTPLk1n27OL0QcCR4hAkHLbi47OmEtQKRAxmeAosa5tr2uM/ogRiJe37cW3ABFmcVaXwB7J+WltTytGHwgcLwJBym2vPQmJ0CFTXtblwbhjR9BtzyxGHwgcKQJByu0v/Le6KXxN0lckXaL9KcUMAoHjRSBIuf21x+PiSt00CCbBCyNKIBAINIpAkHKjC+eG7X2Vz5F0YvtTihkEAseLQJBy+2vvPTBeIOnO7U8pZhAIHC8CQcrtrz1h1e+TdAFJN5P05vanFDMIBI4Xgf8DVGdzRUwjvJEAAAAASUVORK5CYII=', 'data:image/png;base64,iVBORw0KGgoAAAANSUhEUgAAAksAAACACAYAAAAbDS1cAAAgAElEQVR4Xu2dCfB/VVnGHzVTEyQt9y03TLDUZFRUIhtcMNdRm9w3xFFcEnHBKc3JyhXEhRFMUVBp1FTcR2xcUVCIdJBcGExTcAu3yrE0mw+cF87//r/L/f6+dzn33OfM/Oa33XuW55zvPc993/c87+XkYgS6Q+CcVNWtu6vSNRkBI2AEjIARGBeBy43bvFuvCIG/kvSCNJ4XSuJ3FyNgBIyAETACk0fAZGnyU1jMAB4j6YTUm8dKelMxPXNHjIARMAJGwAhsgYDJ0hbg+dZdEPgjSR9Lf7mbpI8bHyNgBIyAETACNSBgslTDLJYxBpOlMubBvTACRsAIGIGOETBZ6hjQGVdnsjTjyffQjYARMAI1I2CyVPPsDjs2B3gPi7dbMwJGwAgYgYEQMFkaCOgZNOMA751PsiUXdo6d7zQCRsAI9I6AyVLvEM+mgftJOiWN9v6S3jubke98oA+RdJSkG6QqLLmwcyx9pxEwAkagNwRMlnqDdnYVX1PS99KoryXp+7NDYLMBQ5Tent1ylqT9NqvCVxsBI2AEjMAQCJgsDYHyPNrYR9KX0lD3lXTuPIa9o1Hm8V1UgMwCcgsudSOAtAYvFVa4r3uePboKETBZqnBSRxpSfhruJpL+baR+lNwsGPEVSuf09XBJR5fcafetEwRygnyepOdJekcnNbsSI2AEekfAZKl3iGfTwO9I+noarcnS4mnH7Yb7LcqfesOczeeDgWJZgixHsUVxVtPvwU4ZAZOlKc9eWX03WVo9H02i5GDustbvUL05U9Lts8aI7TvMpHko+N2OEdgZAlMlS8THEERM+WNJe0r60c4guNhdlLuMfizpXzao6y6S7i7pAkmnS/riBvfWdKnJ0u6zeSVJj5b00IZFwUSpppW/+ViwLr5O0jWyW70mNsfRdxiBwRAonSyF/gzEiMBICsSGjXmIQluQsPj6d0lXkARZYyPcv9GJX6QH4E+H6FxhbdxW0tmpT7fbkHAWNpROuoO75RWS/qBRm11vncBbRSWvlfTkbCRvlfSIKkbmQRiByhAomSw1TwyVCD1kai9JV/cb4sWxGJFId64xS5B4Ancf1LAasDy+lYK5HdRb4id5nD5dV9LbGlbHh0k6eZzuuFUjYASWIVAyWaLPY1uWvtGwLH1T0peTC/BDyfWGtSkP3LzNTF1xm5ClEyTdQ9LrJUGKp14gSZxwe4Ck31wyGLtZpj7L/fR/72SFvUqqnhewe0r6aj/NuVYjYAR2gkDpZGnZmJoxS1frMGYJl9smMUu3TASKvp4v6WY7mYgK7mnrhru5pK+l8aLLNGXNGcYcJGnZFGIlgBB686tgkfc0hMdJekNWN1ISSEq4GAEjUAgCUyVLhcB3cTdyq9JLJT2npM4N2JfcsoTAIseiF5X8Ov6/6toBu79RU4zh6cmStOzG/5H0RElv2qhmXzxXBJqyAn42z3UleNxFIuAP5HbTkqes+IGk+0g6Y7sqJ3t3W7LEAH+VjXIqZAn3GjnvsBKtO2CAyw2SZGHOyS7nwTvefIngWfKBwXvhBo2AEViIgMnSdguDXGhxSu+Nkh6/XXWTvrstWUJjBq0ZChozIQFR6uAhRliRHrMiHom+IzkBQYJM7VTGolQM3K/+EcilN2gNq+Tx/TfrFoyAEWiDgMlSG5QWX5NbRz4r6VGSSGMw19KWLD1c0lsSSMcmQb7SMAsrEgQpV1xe1E9IEgQJomSSVNpMTqs/uSvulZKeMa3uu7dGoF4ETJY2n1veAN8viWSxUYzjJaQipANWudZySYjSTojhZuNEGyRpXflEIkiOSVqHlP/fFgHkJa6fLv5oErtte6+vMwJGoEcEvMlvBi4b6V9k6Qp4uHGKpYbj75shsfvVbcnSaZLunG4vwdXAiTZUtte52WLEb5bEW/8mJya3xdb3zwMBcitGPByyKb83j2F7lEagfARMltrPEWQAfaA8uNdqzJfh11Y6AAwhJmdJ2q89/J1eyRxiRaIf9Htd+UIiSO+xq20dVP7/Fgjkit5OsrsFkL7VCHSNgMlSO0RJSfASSXtklyMc95F2t8/iqraWpSBLY2wGm7jZIEi42CBIPtU2iyU8+iBNlkafAnfACCxGwGRp/crAxUYKiytml9qitDtubcjSwZLIf0V6mKE0qQjWxs3252uO/BOoDYGDHPHdBGn9Z8NXdItA/hmaumBrt8i4NiMwMgImS8snYE9J95L09uySX0o6xEKDC0Fb54YjwzqZ1tGmuigpd1/Y4/pvc+Qf6xHkiC/HIPU4Ga66FQK4hbG8UiDr5Fh0MQJGoAAETJYWTwIb+qGSDmr8+68lPb+AeSuxC+vIEoHx4Ed5bI+EM/K0LTrRRq6/3Hrko/4lrqT59ik/KTpmTN98Z8AjNwJLEDBZ2hUY8rpxQutZDbx+KOlVPvW28nOUi+rxRpy7sXIihQWHJLoIUnZZcGFAkHC5RcG1Rj+IPYIk2XrUJeKuq2sEeEE7LlV6QSYj0HU7rs8IGIENETBZugQwVLjZbHET4S7KC7ED6AG9Y0Ns53b5MrLE39Ff4jvkBZy7Ii3UeWAWj4RQ6OUTOaINn16b2yqc9nhzyxIj8fN52vPp3leEgD+Ml2gkYU26zoJ5xSKBy8hlPQLLArzBMKw9KBKjUbRtiVNttBlSDsdkwdnb1u/7jcAYCORkyTFLY8yA2zQCSxCYM1lio315JjCZQ0QaDjb5z3vltEZgkWWJE2hHpxoIpm6jabSswQjYRhg0CFIc7++CgLUeqC80Aj0hkL9wjCGt0dOwXK0RmD4CcyVLWDiOWjB9PKBQ5I7cZdOf4eFG0CRLHNk/OzW/U/fbshxtWJEgs12584ZDyS0ZgeUIWDrAq8MIFIrA3MjSHSW9qHHK7XxJr5d0egoCLnSqiu9WHsT9h5JOzCxAm7rf4kQbViQIE4VcbMQgOWFt8UvBHdwhArl0gEMAdgiibzMCfSAwF7LEGxtE6cUNEBGbPEkSOd5ctkMgJ0tfkXTLVB251Nokpl0kHolFCoLkXGzbzY3vngYCJkvTmCf3coYIzIEsQZReI2nfbH454XYfqzR3uuJzN1xUTEwR+K/SM+L/kcg27sOKxJs1Xy5GYC4I5G44XuyOLHTg+2RivbcutI/ulhHoFIGayRIPHr5e0ECshEz3nU5iIZUdIOmTWV8QgMTatIgoQayCIEWwNteHFcmpRgqZVHdjUATIDkBIAAWtNw6glFIgSHeS9JeNtEHIqnCKz8UIVI1AzWSJNCUocUfhhNthVc/meIPDhXaqpP1SF74qiUTDTdLDkX9cDcQiRTklS1g73gjcshEYH4HcDUfi7ueO36WLT57+naT7Srpqoz/OX1fABLkLwyBQK1nipBtBxVGc+La/9QRReney4kUrfyLpg+mXsCIhIxDB2liRiENysHZ/8+Kap4dATpYemCytY44CsV4SXjdjDolJ5Bl7/Jidc9tGYEgEaiVLpCeJjdlm4v5W1CKiRGt3k7TXAisSwd6ReqS/XrlmIzBNBHJdMj5DSJmMVW6aJFT2b3QA3bTDx+qU2zUCYyFQI1kia3e8CX1Z0q3GAncG7X69IRB5mzTm72SK6AR5Y0Vy6pEZLAgPcSsEcgXvsclSM4yBgb1L0oO2GqFvNgLTQiBin8+ojSzlp0mcLqC/RYlr7Z2Z+jnikBdKOjg1+Z9J3BOS5GDt/ubBNdeFQClkiZPC72tAe7IkpFb8ea5rzXk0qxE4QtLLCCupjSwRiBhBkVgy8Pu7dIsAQfO8dUb5iaSrNZoY+6242xG7NiMwDAK8XDw9NXW7ERXqcbXhEozyWUnEIRLe4GIE5oRAWFhfWBtZIrs91iWKN+xul/R1Jb2tEchNCwRrE4eEy5O3T8qYD/puR+3ajMBwCBCjdGBq7upr9Mn67BVisPkLEMnErXnWJ+KuuzQEHppeXBCzfgc/10aW8hiam9hk3Nn6e5WkR6Wg7aj0nKS5ggWPkrtATVQ7g94VzQiBnCyN9WzOP8cBvT/PM1qEMx4qB5aIu8XCG0nfL01oPdYHsq/5MFnqFtmHS3q+pL2zaj8s6bWS3t9oKn/I2rLU7Ty4tnkgQDzQjdNQx3o2N93sl24W85gCj3KGCECSEK9G/4943Eizxdq/1KI61geyr/nA2hFpTRBRa27ofbVbW703l8SpwrtmA/tIEqdbdpw5zw1nslTbiqhrPDwUOZRQWrAyavdIbpDuJ8IJhkY+DzKnbZ4Djxu6E27PCPSMAKQoRJLDisTnDqsSe9xumSdqI0skxL1+AvnVkp7WM+C1VY+mCgGmD5Z0hTS489JpgHUCdCZLta2GOscTZOCYRhBzCaP9VerEmGSJnHTPycDglOv1SgDHfTACWyAAOSIekH2KF5EgSEjbYD0inGTly1NtZCl3w3GC485bgDunW1lInIC5t6RfzwZ+Ysrh1gaLPJGu48XaIOZrhkYgYoJKJEpgEWSJFEB5SqAhcaJdFPnzgm7aSZL+XhKpjFyMQIkIhBA1ZIifgxwFMaLPvIhgVeZrI+2/2sjSoZKOy2bRm/bqJY0VCZfZHkkzKZLawrCRYVhnTcprt2WpxMeH+wQCQQA4uRkuuNKQ4eEeR/PHzDqwTJU/8MJif1HaaNhwXIzA0Aiw1xDbx/7Od06O4lL7lKQbpbgjXozYx+Jra7d7bWSpeZLDwYm7L2MWGhsGRAmWTSzSkZJukC4Fsyfu4A3SZGnoR4bbW4cAGz8WUxT9Weus+91iEdZVMtD/88/PmGSJ4fIcxbrV1E9rQsFGRHJdnhnkguT3Zkwjbk++XIzAJgiwBonf43PB55jvvMzHCz1B2EGAIsYo1l4vn/HayNKeSTmaEx1RLNF/CRKQoxDpZFFhgmTz4BRAlG0SDuduuE01YpAmeIKkb6c4Egfmb/JY8bWLEODhijuJtYjAYuk6QTlZIgk4gaZjlzx1VNu+/Dyp+UOcYqM7U9KLElFlk6Pw/142tbYd9XWjIBCEB5dzrA86Eq4z/h/uNNYKayRIUZDxUdZObWQJ0JmAt2Sn4vjb2G9qo6zKxMIhSWwWeaQ/pAiX5e1TxwiMf+SWiTtzN0JbstQ8ptwFaRsLa7dbDgIRxE3wJlalKbiLcrLES03ol42N6v3SqVhwvGbPnYkA259KuqIkYqUobJg8X5rfF3UnJ2BYxr6Z3RvXx2Yc9eX1RDuL/sb1UT/XrQoIjmujvvidPReigMv18sl6AimI67CmBKFsjo/28vp6no5Lqw+8+AM6RNFf/h5SF/wc1+WEh7/lvzf7zGcUbHKXWf7zUGNc206NZIlBo76J2nRe7iTpjLWITP8CFmccicSnG1oRfIecQJDy0y78neSYxCFsU3ZClvJknf+bHpDRB8sPbDMb87w3tyZhmeFrKtaLnCyVKAKJu43TsmivhXWAk3Io+1P4P2RqUfqjea7G1aOGJETi8a7wyclUW1mMnAjRjyA28bmBGEGIyBVIPBB9JvYvJ5w5iYyfm3/LrUFBhroa9yD11EqWAO/Zkl6SocjpOBJBLtMJGgTwHhthkeNSw5zJAg+9CBYmBAmtlCdn7Z8v6ZkdvsHmZKnNusrjy5CTx9qVW5ocb9bjYqmw6rAm8SDHCjK1z3nuxq7hRSEIFZ/t35aEBMmXsk121RL8tWRx+Y90UW61iPtyK1OTEMfvbSxL1NckDM2+8X+sk7nVaZVlqWmByglE1M3LKZal3GK2DJPoX/59UZ/DikM9tBnxPfH7IqtU3te4rkl4Yvw59hU+QlYPqc2mNmVQUJrOCUJsylMeU953FjHHI9kocitSbsJviszx0II0gkXXJY4+t1lXkcePN9HfTXEO9CeXf7ihJFyELkZgGQKQbmKT+CxM2d1ea7qg/Bns08n+HE8WgTab2mQHl+KXeJDmDPsISa+Y8qDSeHC1QYSYQ743RbWaJOlnkt4s6Uk9jr0tWco3hqZ4KPMVGjOPkPTWHvvrqqeLQGiDsVaIx8Oa1Nb1UOKoczdcTaQi/6wTZE9SXhcjMDkEaidLTEiTNPC3qb6B8uB5dCITuBuCJOULj2tesyDAHRN4H9akvO22ZCk/ZYMQ5oeySvL5situco+U3juMBYlDC6wT3M2QpFKCobcZfE4q2h6Q2Ka9Ie8NKzJtzmHPGRJbtzUQAnNZuDyIPpql8ADeKVmYQhcp9E/YKJonfDjddlCK+4nlw5s21qShdE7akqW4bpHKOkGiEDu+XyDpVilodKCPhJspGAGIEbpJYU0t4Xh9V3DlZKkmyxL4MG+8IE35RbWreXY9E0VgLmSJ6XmqJPR8onxX0p8VHgiKFQmig8sB0oMZOw9cJeEtrqpcKynG99LGqbchligkiOBA3oyXlfzBeUjSxWpeiwo75I+yjfbTEGN2G/0jgIsKkgSh4HOAFMZUTrm1RSdPM1KbZQkMPi3pLinQ+xZtQfF1RqAUBOZElsA836hjDkp0yRGPxFtzkCQIU8Rj8DfGwTHeeyxYSJApxjTGaSA2MAjTKrIUJnmsR7de8kHI54kAbwK9XeaHQO5yCwvplOOSVs1gvuZrfC7n7vUaxze/T+fMRjzHRfvydGQ+pprN+PAB4nnaLK38DboZtMqpvqckt1SzLkjKqckK06advq7JCd2iNk5O1jz+t4qkQgghVRGYT5A3FjSXeSAAScLSgjUJPRosSVMQltxmdmonS/sk9zoY8SKISrmLEZgMAnMkS0xOU1KAv40tBBenwNgcInCbByiCYFiQ7txYVRy5J5ULgd4EdP+ggFWXq9s2u5PryNDXdWrAuebSLyT9zYCxVwVAOdsuELx9gCS0drCO1hSXtGpSw/Kyzo095YXxmWQRr03CZcpz4r63RGCuZAl4FqXaGMMlB2n4Xib5HoSD+IxmgSD9c4rbeG8Hqtstl0nry7As4YYjQLVZ2PjQhKIck6wFqyoGl3+V9FvZRcRwndi6N75wSgiEVRVBxsMkfaDCuKQ2ZImXJbCosWApxEpImfPeU+PcVj+muS9Y3ubYgHMdpidKOn7AmSf5L8SHwskvCAJE4dz0BcmIE2L8reSCqwSy1yR6PCB5UEZpG8CKwjhu0yhnSdqvZADct40RgBhwQAG3W63B221AwYKGVa1mslSr8Gab+fU1E0dg7mSJ6cPCxMN632wufQJrZwv7c+m2O2S3E39ydkZI2RBxL7Ytef447sF6dfd0qqZtHb6uPAR4QYEcsBZCL2mMQwmlIINWFAc7iFVcZFUupZ/b9OMaKbEteeQIHeCEsosRmAQCJkuXTdNXJO2dfv2+pGtNYgbL6uQinaWmKOhO8l5hebtvNtQvpo12zptrWTPfvjeQZ15OIEk16iW1R2LXK8NNXTNZYsQhSOu4pZ2uFN83CgImS7vCnuclW3W0fZTJmkCj56Q+hiRAHtTNv7bZCCI4NGBAJ4s3075VyScA+2S6GLphuGEhB7hna5UC2HRSgiyNETe5aV+3uf7FSf8Nlz2HamrTy9oGG99bMAImS7tPTi7Nz0ZMDNMPC57DkroGdhQeghRENNkgo2xz4hDXBPIJuE3zUvvmUtL87rQvzB0xa8Qn5ac9d1pfjfdBGjn5Wvt6vp+kU9IEOtyhxpVc6ZhMlnafWKwhp0m6XvrXopQclS6HrYeVW5Zwt+QkE4mDPJB+p401Y5ioZ+ig/J32fW73Md/hcmPstROBbeY3XNjoD9Usl0DWga8loLwetlkxvndQBEyWFsPNmzCbcmgBHSvpSOcoW7s2cWNSkA5oxiqRbRxL07YFEob7ppnixW+p2yLb3f15XBI/Y0mwy201vkGWuvqcdDeb3dcULnWeB4zXxQgUj4DJ0vIpam72fgtav5xzN1y4FbiL005sml2WO0o6PauQ9hbpO3XZputajwBuVywjzDfWREgSJ71cliOQW2G3cVVPBeMghsRphct+Kn13P2eKgMnS6onPdUG40oRpNV5npn+TIBe5gCibygVs8nFE0DMsgH74boJct9fmcUmQY142sBw4gHc9znMjS3G61S8469eGrygEAZOl9RPRVPpGK8QB34txizdGFLrR0InS99tyHpRvQrt+TXd5RZ7PkHpxuUGUas/l1jWG8XKxE2mNLvsyRF1htb9A0vWHaNBtGIFtETBZaodg7pJzwPdyzCJmiXXFyR5KV4Hdq2aqGZTvxLvt1vU2VzWDtyPhrbWvNkcVwmmytDluvsMIDIaAyVJ7qEla+8B0OQKJ729/62yuxMKzRyMlSZs8cF0AlGdtpz4HfHeB6u51NEkSZDhcbv20WH+tuR5Z21RAU0YlD28gztBaW1OezZn03WSp/UTvL4lTHBQrfC/GjZilGzbUz4d0KxwliaPXFMcvtV/bba4krgatJHK48bPjktqg1u6aPGZpDmTp9pJ4VjjXY7v14asKQMBkabNJwL3zsHSLY2N2xw7LEqfUrpL+NYQLrtkLtJ4iz59TKmy2vhdd3bQkcQ1rnxNvDt7eHt+oIeL95mBpyV88vQd1t4ZcU48IeKFuDm4EE/skx+7YfVoSD8LLp38dnwQjN0d5uzvyE3ImtTvDkjiaSHRLDViSON2Gy80kaWeYrroryNKQltjuR9GuxtwN1/fhj3Y98lVGYA0CJkubLxHEKf823eYP+q74cbrlutmfUEG/cHOIt74jP8GIy/TgZPLfuuIZVICbDZLEhhYkyTIA/U986JLN4ZlyA0nnSbqSpPtLQkrAxQgUjYDJ0ubTkwcSz0Ftty1CTU2qsRMRN3P8EfDtshyBSHIbKWkcuD3sakFq4TZJpLH2E4XEaPH5xHp5d0kfHRZqt2YENkfAZGlzzA6VdFy6zWRpV/x+JunK6U9YI3CBjVlyyQcH5e8+E2xakH8sSUGSPpHikay6PezKBW+sLHOwLIHst1P+Ted1HHadubUdImCytDlwn5R0QLqtT2XqzXs27h2oaBMrFAVX2DvH7dLFraP9FERgbGtXAXBc3IXI3UYqkigWkxx3dogHw7o3lxew70i6doqDc364cdeeW2+BgMlSC5AalyBKeaf0Nx9PvwycphvuWkliYXOEu7/DLrlLMGWO2JCxJlFwtWHR4GSbtW66X3eb1BhW0LkcSIiXmLEOgWwyN77WCCgnSwTBBtM3NMsRyN1wluu/DKemZelmks4vaCG9XRLWLspcNiTGilUN9w4EiRgRTrVBjNicIfs+2VbGIo2XjbmszZdJOkLSaZLuWsYUuBdGYDkCQZby00NPk/Rqg7YUgaYFBU2fc43Xxclsww1XoqxCCOHFVNWuwdS0IjFu3Ma4e2oPIJ7ixzFUvOfi2j8hEfgSnxVTXD/uc88IQJZIDIsy9S1TW7VvIl1AGpoo1HWYpGO7qHTideQkstRg6n0kEbcUpbYYJmKRws2GFSkKKWfsaiv7A8bcfUsSWmX3KrurnfQud407HKQTSF1JnwiwSPNNzkRpPdoQoydll83l9Mo6ZF4q6VnpIqwXpQZtNi2DdHnqJ3LQRoIk8T1KiEiaJK1bueX8P+LG4kBCOT3rvie2LHWPqWvsEQHIUn682hv/arA5Bfc2SYiqUYj3IJeTy67rqPS4CyxMxDBFWhTm732SXiTpcxOZTCxHQZDyzZWgbQgShNXxSBOZzNRNgu0PlETKk9rnLvYdH5KZ1hqdbW8hS4+T9IaEAElQMQW7LEYgNx1zBQGKrzBYFyOQY1OyZSmmC6XxR0l6cWP+/knSQZKuKum/Cppb3DRspFiPsI41rQ/WRyposnbYFUgumldzyA8XliWfhtvhYvFtwyIAWfp9SV9IzaJyjCvOZXcEmkTJH/LdMUI75ZdJlXcqQe+QplMbViZGxhsvBCR+HjooGkKEojOkiJ/zGKRAHisSxJQvH/2f/lML3aujZyJMGadTXyLpudOfOo+gdgQisC6IgAlAO4uSTcf1fTKQhDg8O+jQHOHPU547SAmpKXCTsA540djGZQIZClLEz5CiyMu2COXQRoIg0Q+XehDAavjumUhbnCmJE6rPSG7jembRI6kSgSBLeb6zqQe7djlRvOlhbds/qxQ35VOTmF+XbbmuMhDgzZ5Na5MgWwgUX6FbFCSGzxdEaq80NOrki/VEEtFVpCi3HlFvfNmCVMY66aMXIR+AmnoerN9HW2PXGSeKD8nCQMbuk9s3AksRyI9s5m6mObvjiAtBxO/eS6wMc8ZmTh8lgsCZa9bDHpL2lnS1HgHg9BokKyxX/Dy066/H4bnqlghAriESNR8cQRrhQwkPHypquTB82bgI5GSJzeBdKXZjThICETjLW/4qiwKaPJzyckzXuGt27NYjuBp3WbjNbrxhp3DdBTGCEIVbb8NqfHmFCERC3dtV7GbFe/E6SRdJukX6XuFUekg1IdAUA2Mj4JQCmwDk4AmSyIU2tQIBovCdr3CD8DNj43u+2a0bHyfeXuMg2nUwzfb/4V6L77HusBLEV7jqHGc022XSauAR5F1zLA+ubsZp9e5WS8IXlYDAIuVU9C/Qb4mYjU1imEh5gXozMVBBuPj+Gx0Pls2ITSiIDz9DfmKTCrK0TbM/SSdTOLUxlZNd24zX9xoBIzA+AjzHzk4uWFxUNZY4CTcnD0aN8zirMa2SmScFSgQ2fzXpCZ0lac+E0E8l3TRd84eSrrzg+PXUwMQ9glvEJ42mNnPurxGoBwEsLrh2a9Vbir1lCnps9awqj2QrBNbl5OEo9Saii7juQpsGCxO/Y/1B4C9Kbv3J3WX8n9/XxX8QCBuuDa7nwcLv15P036mRcLfxa7jgFgFFX3GL8EWswDZHwLeaCN9sBIyAEUgIhLp16Ur4O5kwDklwopiX7hrHtxNMfM8EEFhHlhgCqT0eKekekm4l6dppXN+VdJKkb6cvLDIQpBJL7pYLglViP90nI2AEjEBICPDyVlvqkzw3I/piX/R0G4EpINCGLE1hHO6jETACRqAmBHBRETtam/Xl2ZJQ7T4vnYSrac48looRMHgNg/cAAAQWSURBVFmqeHI9NCNgBCaLQK3WpS8n/bpXS3raZGfHHZ8dAiZLs5tyD9gIGIGJIFCbdelgSR9M2FvcdyKL0N28BAGTJa8EI2AEjECZCGBd4vAJit41xC4dJ4kcjJyq3q9MyN0rI7AYAZMlrwwjYASMQLkIvFLS0yUdk4Qcy+3p6p6RNJfkuRTcb7jhXIzAZBAwWZrMVLmjRsAIzBCBPHaJFChTTaT8KUl3TfN3HUmcpnYxApNBwGRpMlPljhoBIzBTBCJ2Cc27IyaIwUMkodpNeYqk105wDO7yzBEwWZr5AvDwjYARmAQCxC1RpvbM3kPS+yShr2S5gEksNXdyEQJT++B5Fo2AETACc0Tgyckic7wk8nVOpURiYPoLYYoMD1Ppv/tpBCb5luJpMwJGwAjMEYF7SvpwGvgdJH1+AiCQLYF8mzdKycghS6VmeZgAnO7imAjYsjQm+m7bCBgBI9AegcgZd6ykw9rfNtqV0V86cLeUpHy0zrhhI7ANAiZL26Dne42AETACwyFAsvDTUsJxyAcaTKWWOMVH/3C9YVVyMQKTRcBkabJT544bASMwQwROkPQYSZyQe2zB43+PpPun/iF5UDKxKxhGd60UBEyWSpkJ98MIGAEjsB6Bm0s6VRKWm4dJOnn9LYNf8QBJ706tTl1Mc3Dw3GCZCJgslTkv7pURMAJGYBkCL5f0zELThhDU/fXkKvyxpNtOWEjTK9AIXIqAyZIXgxEwAkZgeggg8ojY42clPa+g4OmPSzowwfkMSaRrcTECk0fAZGnyU+gBGAEjMFMEsODgjoOgEPA9dgmlcfrhoO6xZ8Ptd4qAyVKncLoyI2AEjMCgCJwjad/U4iGS3jBo65c0huvtBVmi32+k029TzWM3AoRusnQETJZKnyH3zwgYASOwGoHTJd1R0kWSjpSEyvdQBaJEMHdIA5goDYW82xkUAZOlQeF2Y0bACBiBXhD4WEZYPiPpLr20smulSBggZRAFtW5OwtmiNAD4bmJYBEyWhsXbrRkBI2AE+kIgV8ymjT5Vs/P4JNo6JRGlvsbmeo3AqAiYLI0Kvxs3AkbACHSKwMMlvSWr8WhJJ3YoCnmopBdKuk5qA3kAkuVCnlyMQLUImCxVO7UemBEwAjNG4ChJHN2n/EgSUgMXppNznJ7btDxe0iMaaUv+UdKDN63I1xuBKSJgsjTFWXOfjYARMALrEXiqpAOSHtOiq8+U9H+Szk0SBN9Puk17pYtDL2lPSbfPKjhLEhart67vgq8wAnUgYLJUxzx6FEbACBiBZQgQiH2QpIMlXWMLmM6Q9A8WmtwCQd86WQRMliY7de64ETACRmAjBPaQtF/mSruRpKtK+qakIyT9UBIxSFEQvKS8UdJJBamEbzRoX2wEukDg/wGEHlByK8uFkQAAAABJRU5ErkJggg==');
INSERT INTO `valveinfo` VALUES ('FD/L-2019-000003', '深圳市御材科技有限公司', '深圳市龙岗区长发中路19号奥雅大厦504号', '黄鹏', '15574388888', '11011206', '双效浓缩IV蒸汽管道', '弹簧直载式', 'A4K8-16C', '1Mpa', '蒸汽', '1Mpa', 'ISG ZF001-2006', '1Mpa', '1Mpa', '离线校验', '氮气', '合格', 'w', '解体、清洗、校验 研磨阀芯 研磨阀座 ', 'data:image/png;base64,iVBORw0KGgoAAAANSUhEUgAAAhMAAAD0CAYAAAAhfaQ3AAAgAElEQVR4Xu2dbchu2Vnf/wpimhcnI9GG2jImvtWpdBqST5owCbRKAzIprUGEOknQBo2SDA0ookyiUmLVTlJIaJOGyXwQoSMd4ztanIQo/WDiTCJJRdSJICqmOGOiXwoS+eesK2ede577uffL2nuvl9+Gh3Oec/ZeL7+19t7/fa3rutYXiAMCEIBAHQQeTc14RR3NoRUQgMBUAl8w9UTOgwAEILAhgbdIuj+V/1ZJ/p0DAhBohABiopGBopkQ6JzAiyV9OPXxXZLe0Hl/6R4EuiKAmOhqOOkMBJom8NnU+ndLen3TPaHxEBiMAGJisAGnuxColMDzJH0qte2Tkl5QaTtpFgQgcAUBxATTAgIQqIVAWCbcHp5NtYwK7YDABALcsBMgcQoEILALgb+U9GWpJkd0fGCXWqkEAhBYTQAxsRohBUAAAoUIODT05aks+0zYd4IDAhBogABiooFBookQGITAhyS9NPX1JyT94CD9ppsQaJ4AYqL5IaQDEOiGwKclPSf15glJL+ymZ3QEAp0TQEx0PsB0DwINEcgdMN1snk8NDR5NHZsAN+vY40/vIVATAYeE3pEa9JSk22tqHG2BAATOE0BMMDsgAIFaCDwu6a6sMTyfahkZ2gGBCwS4WZkiEIBALQRyywTLHLWMCu2AwAQCiIkJkDgFAhDYhQCWiV0wUwkEyhNATJRnSokQgMAyAqdiwj4T9p3ggAAEKieAmKh8gGgeBAYi4IyXd2f9RUwMNPh0tW0CiIm2x4/WQ6AnAoiJnkaTvgxFADEx1HDTWQhUTQAxUfXw0DgInCeAmGB2QAACtRBATNQyErQDAjMJICZmAuN0CEBgMwKnYoLn02aoKRgCZQlws0reqdCHtzzmgAAEjiOAmDiOPTVDYBWB0cXEWyTdnwi+VZJ/54AABI4hgJg4hju1QmA1gdHFxL+U9BuJ4qslPbyaKAVAAAJLCeRiwtkwX7C0IK6DAAT2JTC6mHi5bl3m8MOMAwIQOIZALiY+KMn3JwcEINAAgdHFxOskvTeN0+slvbuBMaOJEOiVwPsk3Zs6h5jodZTpV5cERhcTXynpiTSyfpC9tstRplMQaINA7sP0kKTXtNFsWgkBCCAmbooJWyVsneCAAASOIYBD9DHcqRUCqwmMLia+TtLvJ4q/Lemlq4lSAAQgsJTAmyQ9kC4mumopRa6DwAEERhcTRv5hSS+WZOcvck0cMAmpEgKJgJc1Hkx/95Kjlx45IACBBgggJqTPZuNkMUFERwMTlyZ2SYDoqi6HlU6NQAAxccNnwo6YPhzX7vh2DghAYH8C/0LSY6naF0l6fP8mUCMEILCEAGLi5jKH+b1E0keWgOQaCEBgNYE8ugphvxonBUBgPwKICcTEfrONmiBwPYFcTNwu6SmAQQACbRAYXUzcKenj2VDxNdTGvKWVfRJ4rqQnU9cQE32OMb3qlMDoYsLDmjtgfrmkT3U61nQLArUTYJmj9hGifRA4Q2B0MfEqSY9kbBAT3CoQOI5ALiZwwDxuHKgZArMJjC4mTrc8/keS/nw2RS6AAARKEEBMlKBIGRA4gMDoYuLTkp6TuP+1JK/ZckAAAscQYJnjGO7UCoHVBEYWE/mDyyDfL8nLHhwQgMAxBHIHTJY5jhkDaoXAIgIji4lTf4n7JL19EUUuggAEShDIxQTZaEsQpQwI7ERgZDGR71Bo3Dy8dpp0VAOBawhEdBX3I9MEAg0RGFlMnDpfjsyioSlLUzsngJjofIDpXp8ERn6BOrvebWlYPyrJ+wJwQAACxxJATBzLn9ohsIjAqGIi31DI4B6S5O2POSAAgWMJICaO5U/tEFhEYFQx8SZJD2TEcL5cNH24CALFCSAmiiOlQAhsT2BUMfHzku7J8BKGtv1cowYITCGAmJhCiXMgUBmBUcVE7i/xJ5Kcc4IDAhA4ngBi4vgxoAUQmE1gRDGBv8TsacIFENiNAGJiN9RUBIFyBEYUE6f+Ev9Gkpc9OCAAgeMJfFLSHZK4L48fC1oAgckERhQTj0u6KxFiP47JU4UTIbALgRATJK3aBTeVQKAMgdHExOl+HISElplHlAKBUgQQE6VIUg4EdiQwmpg4TaFNFMeOk42qIDCBAGJiAiROgUBtBEYTE/Gg8jiQ9bK22Uh7ICAhJpgFEGiQwEhi4jSKAwevBicsTe6eQIgJrIbdDzUd7InASGLifZLuTYNHbomeZjF96YkAYqKn0aQvwxAYSUzkiaqwSgwzxeloYwRCTLxAN5Y8OCAAgQYIjCImXiXpEawSDcxImjg6gRD9t0vy3zkgAIEGCIwiJvK9OF4ryUseHGMS+MeSvlrSxyT91ZgIqu51WCZGeTZVPRg0DgJTCYxwwz5X0pMJCBEcU2dGn+f9lKT/mLr26ZS8DFN6XWP9l5KelX7qahmtgQAEzhIYQUzk6bPxlRj3Zvjvkv7DSffZer6++RB7c4zwbKqPPi2CwEICI9ywj0lyWOj7Jdl3gmMsAt8m6d9L+lZJvyjpP0n6PwkBc6K+uWA/CVsS7YDJAQEINEKgdzGR55Z4maTfamRc9myml4H88w2S/kbSB/asfOO68oynPy3pzam+fH+W3u+BjREXL96WCZYji2OlQAhsS6D3B2nklvigpJdvi7KZ0s3hHknep8R/t5Dw8ReSnp/C8bxniV/ErR62QD2Q+uixf6ekh7POvF3SG9PvJEeqa5QtJsgDU9eY0BoIXCTQs5jwy9JLHH5Zju4rYRZ+eVo82Frj3VL9de4fm5X95zMk/X9J35J8CyzEHPnS0uGxtoh4TWr0O5IoOg0xzP1oiO6pZ4TDWRrLRD1jQksgMIlAz2IiTNwjf+X44Xx/erl6rC0Q/GPxcN3xPyXZ16CV+eF+2tpii4P/7peRrRPnIjUsqh5NAN7auBVm0o3eyEmxqy+WxEYGjGZCIAi08rKYO2J+oTyRXiyjeuz769xf6R5jCyuLiKlJgEKIvaIBHwpbWh5MFhfPE4sDi4rr+pr70rAN/dy7a7vzERPbsaVkCGxKoFcxEWZsm/P9gJr6Et0U9k6F+0VpEWFfAL9UL71Yr2pWiImav9pj6cZj7cPWCAuoS1YXnxsvLf+diI6dJuaEakLkYZmYAItTIFATgV7FRGTR85p5vGxq4r5VW0IEhAPl0oRMsQzgyA5bJ2o7PKb2AbEoCGvEHIfRPJEZL656RjfmHWNSz5jQEghMItCjmMj34Rhls6Aw9bu//jp3+vA1R3y51yYm3C5bXSJfyBxrRM4DMbFmdmx3bdy7LD1tx5iSIbAJgR7FROQQGMV8HUs6fgD77yWWdL5MktMa/7Gkr9pk5s0v1H2zM6mFgJevbInwEs6SIxcTo8yTJZz2vgYxsTdx6oNAIQK9iYncS7/3/AHuqx0P/WKd6iswddq8WNKHJX1E0kumXrTRebZGuJ+RJ8QmcPd36RKOm5nPE76CNxq4BcWGmBhteXIBKi6BQF0EehMTNsvfLannNVd/VdtfwF/mjlSZE6UxdfY5U+RPppOPzByaJ59aa43I+56LCV5cU2fF9ue14Pi7PQVqgECDBHoSE3m4XwshjXOni0WEX4L2GbBYKrWkcVU7/OVva4CPo5I65W1Y6htxjjFiYu7s2+d8xMQ+nKkFAsUJ9CQmInV2j9nz7k2ZKZ+ZLBFrHSwvTaT8Zbu3mLBospAJJ8stliFyoVJz+Oulcert/xETvY0o/RmGQC9iIs8bsPfLb8vJEv4Ct0v64bRRWQkHy0ttzsXE3km/woG25LLGaX/zdNqIiUuzYb//DzExevr7/YhTEwQKEehFTIRVopfU2V6ysV+Ev6CPeNkdkW4630vF4+i+b7WDab6b6BF8C92+3RVji5vTove4TNndYNEhCOQEehATeZhf61aJyOroh6mjFfzSm5LRsfSs3ltMRGSK+28h4d/XRGtc4oGYuETomP8PB2rExDH8qRUCiwn0ICbCKmGzeGynvRjIQRe63X7B2TfCPh/On7C1X8R1Xd1TTNg3wj4SZrBXFA5i4qCJfqHaEBOjJJurcxRoFQQWEGhdTPRglYhkTOEjYHF09LGXmMgTUe0ZoomYOHqGXV1/+Mu0/lyqky6tgsCGBFq/aXNfCfsZ7OGcWGo4YstsO1e6H37B1dL+PCX5Vj4Ftr7YL8TH3k6ePyfp36a63ynp+0oNKuWsIvDZlIStVQvjqs5zMQRaJtCymMgd9lrylci3zF67IddWcy+Pdthi/TpE4BFCwnW+TdIPJHg/IekHtwJJubMIWEz0GNo9CwInQ6BFAi2LidYiOCx+vLeEoxTsG2BLxFbRCmvnYv6yL71+HaZst/EoEZgvc+y5vLJ2XHq+PsK79/Kb6ZklfYPA7gRaFRN5XonaY9Lz9Nf2i/BXfw1+EddNtjzXQymTc25Jct1Hjhs+E7s/ai5WGH46WyQpu1g5J0AAAusItComWsl2aZ8Ai4fwi/DfWzhsbvZRakdNL+08IsmCwsdWfhhT2eZigpfXVGrbnhdi4ui5sW0vKR0CnRJoUUy0sAdH7KHhtvqFbBGxZd6EktOzdPbLU4tEDS+LXEyUEkwlx2DEsiLF+d7OuCOyps8QKE6gRTERWfJqfAl4ScAbcfnBuHUWx+KTIRWYO1+u9ZewkHg0s0jU4p+AmNhq9iwvN8ZkC4ff5a3iSghA4JSA33N+tvtj2R/Jn1vKb01M5FaJtS+60lMktgU3Uz8YHfrY4hFLSA5T9fLM0sMT7LFMSFj8WWTVEP6KmFg6qttdF6HCiIntGFMyBKYQCLFgweC/+70bvnMWD/EM958RRPBUa2IirBK1fOF6YGIzLi8P2BPdL8xWljSumljhfLnW8hNj5TpspakpD0guJogemPJ42f6cELGtPZO2J0MNEChPwO8rC4Q70jvsRel3C4QQCfEe858Xt3Vo6cYNq4QjIvwCr+EL16GefjG5TRYRR6bALjXdPiPp2SsTSeUva7fLE/XiZCzVgQnlICYmQNr5FCcSe6mk5+9cL9VBoFcCfk9aLPjdGcsSfhaHNcHP5BAKfp+u+ghuSUxE3v4aHLRya0RP0QC58+VSc7PLcORGmMVqGK/ThwXLHPU9PuNBFhE/9bWQFkGgTgIWC3clwRAWBy9Rh1DI/1wlGK7rfitiIl5yNWwxbt8Ir++26mB53XwI58ul/hKnDpdrl0q2unURE1uRXV5umFadyp0DAhB4OoFcNIS1waIhtzDE33e33LciJsIqcWSiI78o/cXtQbQ1wi/e3Qds4ztsbf6OPHPmHluJL8VxZJ6JiPhx9k+OmwSc26QnKx9jC4ElBPJIiXCA9Md07ssQSxJVZVBuQUyEVeJIR7lIPmVeFhE9+EZcNdHD+XLJQz3fHMxlL10mWXIDzr0mD3/dO+9FfFH0OofmjoXPD3+omhyrl/SDayAwlUCIhrtT1Fws7/nfvRQRP2FpmFruYee1ICbCKnGEE1+eN2LJC/awgV1Q8Zrt3PP05q669pfCkWLCS2T+2WztcsHYH31JfDDU6F9zNBvqb5dAWBZsSfAcj4i2EAzuWS4a2u2ppNrFRHyxHLH2Ho6EYY2ofT+NtRMxtyzMzeGRb951pAVpKoPItujz97RMmLHrxi/g1pGK8ajZmjV1bnHeWAQsGCK6MPZh8jPQh98hkW8oliZ6Wxr//GjXLibiJWUnkz0HwVks/fVa6xbhW9yuS3dhjWRDbpP9JPyirCkM9CpWR4kJJ/HyC3PPubzFXCldZliKEBOlyVJeCQL+qPURloZ7JH003cf+Nz/vbEG3mFgdYlmiwUeUUbOYOGLjn9zJ0g5yXtce5cFvc5tjkucs55z6SRzpIDvn/snbvdc26K7TDyU7f3LcSiCE7FyLGBwhUILAacZH/55nfrRQiOWI7i0MS4HWLCZC6YUn69I+Tr0ud/RsPYvl1D7HeXma8qmC4HQn0Nr9JHImeT6Nqf2dy/T0fEcCeUmldqvN2n4uuT78omp+Hi3pF9fUQyCsC3Z4DKEQ2wX4noxoifzv+DXNGL9ab15/xT2YsjBu7atga4S/Fu/def18xjBtfmoeKjllSck3ozfwihvUa4Qes1asOCWSc80ZFHOyKd8ilePpBCwm8vz/MILAXAKxBOHkTX4++R73syxfegghHxESiIW5lK85v1Yx4eWFSP9ZsLtPK8oT7m2SnpEe9lXF7W7Z8ZOy5+7HkftJOJW4Obb0xb23mLAwtuDaWhjvOGWKVuUcE16DDnFatHAK64JALhbC6dF/emnMgsHPnzxh02HJm7qgvaATNYoJT5CPSfrOjfM5xL4aNs+PHKqXh3VO8R9o1U8ivz3yPm+9Tu8XpEUEL8rzDyiLiSMithY8MrlkQwIW+belD8n4mLRQ8D2aWxNsAcW6sOFALCm6RjER1gFPrC2OUyfL0b8W85wLl5Y4/EL08kbsu7FnWGXJubCnmPD88oOv1S3pS3K/qqzw15nj+Lt1myh/GwJhUYidKiOBW4iFcG7MN59qyeK5DbVGSq1NTMRX7xZfi34B2i/CD3WbVF0Xa2Y3QprslDTlyzDO9fRu2Sy9l5iIRGC13Wc1PZ6OiNqqqf+9tSUXDLlYcD/9vD0VDPFvvXEYrj+1PeT8svJkK53Uxw91r1u73F731Vg6eW1i9nFpiePUT8IPilbFWJ7t85I1ZilXXxdhoISDnqcYOT/2iqpZM55ce5NAOMza4dGC0O8SC4kQB/nmU60+JxjvGQRqEhOekHa89Au/pCOkE4zY1OwXyKUX5gx0XZyaJ2+67qWaOyxOER61w8nFxFb3QNSxpVipnfOU9kUkEQmrptDa95wQDHkehlwwhO9C/Llv66itKgJbPUjndtKT1XH4jgwoaZWITJY2yfvFyfrbrSMTyYIupcCOhFa++tK5c8f+iPP3WOawJcfzmnDQ60fYHxAW/EfsvXPE3KuxTouG0yyP/j1P1hQWh1bCv2vk3HWbahET8YVc6oHil4WXNfxFbV8AOxlianv6VP4jSS9M+TzOOQjmOShq3lZ8zo269TJHlF9qPs/pW2vnkrBqnxGL0ErX5udibmGIlNC5T8M+raKWbgjUIiasdv0yK7G2nIcuthptsMcEm/J1nmfG7GF5I7jmYmILZ9/YzKuklW2POXFEHfECI3S2DP3geG7TqbAsYKUtw5tSEoEaxER8+ZZYW45ljVguKel70dukiZBQWxssLK468uiNKdEerTDaWkw8kaw9NuFzXE/ADsA9LJ3tOc6xd4SXhyyGfcS/xaZT/jd8GfYclcHrOlpMxEN97b4O4XNh8x1hn9MmdaxVn4vvz50zXeIWX/DTWlr+rC3FhK0RtrKdE2jle9NuiWH5Wnv/t0vg+paHA6RDt/33+ODy3Ap/hoiAYxm311nQSL+OFhMRbrjGKpFvOOWvZ78EcRK6PAGvCwnNX7YuqccomOh/ab8GbzNugUaSqstzkBwTNxhF5sfwZYjsj7awWixEqugIt7xMljMgsDOBI8VErNmv+SqJDcH88sM/Yvrkyf1KrhJyYbVwib2aoLcQE/GlvUYcTx/F9s+MpbZRwkI9P5z90X/mwsGiIbI+nkZQtD/K9GAIAkeKCYcl+qUWqZnnAg8zvG9E+13wJTidYFiErvKXyJc3WtzEayqFEBMlX2RONe5lNr8kOS4TCH+pnpbQ3Gs/07w04Q+mEA3hGOl7zsIhRENYHS7T4gwIVEzgKDERX3D3LRQBsUmXX3Z++eHoNm+SxS6hp1YhP/z8Qoz1/qXjM681x5xdWkyEpa30sskxdPaptYewUIuFsDZEvob4QLJwCIfIEBAswe4zt6hlZwJHiQk/RCKH+9wuR8RGLzkP5vZ/7fm5P8RpCuM8p0RP0RtXMSstJsLpknDQ6TM0whNbCAuNLJDhDBlWh+itn0e5U6T7hnCYPhc4s3ECR4iJWK9fkovfWTJ9PREbyyfedSm0Y7tsPzj9xdWzh3hJMRECbcmcXj6S7V/pl61fwLUJMI9n7DkRm1XlgsfPn7A05KGY7Y8IPYDAQgJHiIlQ7HO2GM836kJILBzsdFn4S/TqWDmVTkkxYYFmqw7hoFPp32DlfBxHO067HRYOsUQR4iF64udNHk1B7prpY8yZAxHYW0ws9d72Or7Fx+gvwBJTM/bZOPohXqIva8ooKSb8UrT/CU7A00ckwkL3tOZYKJwKh9wB3MLhdKlieo84EwIDE9hTTPim9UPXN+xUq4SvsZDwQ8BCwuZQ1iGXT9g8hXbJKIblLTruylJiIpbtCAedN5bxYbGFw2osU5xaG3LHyHyZIsIy5/WAsyEAgc8T2FNMhHl9ahiYX3z2kfADoXdnwL2mZDzAHQWzNCR3r7ZuXY9F6W2S1oqq2N6+tnX/rfmtLT+eB2ueQZFCOqwNee4Gty/P35CLBz5I1o4e10PghMCaG3kOTAuDyAw4JQbfDwmf7+ucTdDX8ACYQ/zqcy+l0F5fQzslxHLPGjER1jZnCCU8ed7Ym1dkepxyZaSWdhimRYN/Qkz4+jx/Q2SKZDOrKWQ5BwIFCOwlJvzg8M3vB8KlCIEQHn5Q9JznoMDwzS4ivsZ7TI89F0bk2lgjJixy7Xg5upVnLnufH06Ndl7Nj9gq25tYeekorA5mbEuD53AsS0QZsfPoknZwDQQgUIDAHmJiTv79fJ+N0R0ECwzvLUXEOPgfWd+/8TLzi2qNmLAPkJfgpljbSo9ny+X5Pv8tSb+TfVyEf4N9qiwovARlthYKuXjAQtnyyNP2bgnsISamJqjyy+7B9CDhy7n8lIuEVETE3GAbYmKpA2BkcZ3qA1R+ROst0WwsBiIxXSxnROKn05bnCZ/+t6Q/nWDBrLf3tAwCAxLYWkxMTVCVC4k9Q8VGGvJPSPp6lo4+P+RrxcTIGS/zaIkQCLlwuO6+snCwWPgmSd8t6efwhxrpMURfeyWwtZiYkqAqFxJrTM69jlGJfuUhoSxx3GqZWGpZeDIJM0dz9HjEDpdhVZgqFnIWtoLlzpDxPLCfhNPiey5yQAACHRDYUkxMSVBly8V/k/SMlEOC7HLbTKoYC69Ht7APwjYUbi01ojmWiIleckvk2R9tYTjdqGrqOESWyHw3zOscrd8s6ZvTz9Q6OA8CEKiYwFZiIkI7I/X1VQjyF5z/jpDYbqLE7ow4td5kHGJiyT3QWm6JsDL4z8jFkIdVTpl5EXqZWxrsDLkk/DLu9anJ66a0j3MgAIEDCSx5kE5pbjj7nXNui//3A8omT4TEFKrLzsmXOJY6Gy6rue6r1oiJo5c4wsHRhE933/XvXy3pmZK+cKYlyqGXIRYigmKL7JCuw4KM9ON13yO0DgKTCWwlJvzF4ofFVSFz/vd7U8y4zcUIicnDtejE2CXUwo2NqG4i9AvNCZDmrtvvvcRh4XBu2+tFEyKlpg+rQi4a9gq7dJ3+oOjV32TpuHAdBJolsIWY8NeGX2B+ceUPJ//u0M8wbfKVvM+0iagFb0RFPoRbxcSz01f8nJHYeonjTklfK8lJm2JJYk774tz/J+m3r8jRcClp3JK65lwTIbU4W8+hxrkQqJxAaTHhdVibgE/X5vN9NmxK9UNyyVpr5Tira16+xEHI7a3DEy/VudaarZY4LMDvX2g9yveg8H1la1+t91dYyko/e6q7+WgQBEYiUPqGDqtEnl44T4+NkNh3drGx13neFhMWBraQTT22WuL4r5K+f2Ij8gRPFg1LnSAnVlf8tBBNjqLhgAAEOiFQUkyEVSLPXmkLhHf+jLz6U/bm6ARtFd1gieP8MMQeD3NCZbdIVOVEYk4odu5wrgaLhvipYmKtaIQZRlTJimK4FAIQqIlASTFhhyp/ucXDORcS/pry70ev19bEfuu2EMVxPeHPSpqbd8N7cdj3pGQUwq9L+lcnTf3dJMJ/fOtJckD5YU1hy/YD4FMlBLYiUEpMhFUi1uXzTaUQEluN3vXlxhIHURxXc7KYmLNPSczpJUmuzo1Ufp/EOa+W9PAxU2aXWm0RshjzxwcHBCDQCYFSYsJbjFtQ+OEY68pGZB8JljaOmSyRR4EojjJiwlEctvaUTLR0Kib+QNLXHTNddqn19KNjl0qpBAIQ2J5ACTERyxkO9fLDInwk/EVsYVGrV/n2dI+rIcLv3AJCcM+LCW9xPdXc7iUORymVzo1gC0kcvYdLhnhiTh73bKBmCGxCoISYCKc0m9UfTV9vWCQ2Ga7JhXpM3rjAJ2ByBY2fGF/IU8XEltuNW3yHoHmJpI80zva65hMW2vHg0rWxCawVE34of0jS90pyeFs4X5LT4Nh5FUsc9xV2Fjy2V+VqD+fUqWLCQtkvwjmRH1Nb63vnnenkN0h619QLGzzPItfJuAgLbXDwaDIEriOwVkyEydeiwg8JH2wmdeycy5c4SjoLHtursrUHo6li4jFJPncLp8HYp2aEeyf3rSo7opQGAQgcSmCNmPD6p9Nj/2T2ZfVQ+oI7tFODVx4vpzmRCqMhi7X7KfM1kq55nX+r0GYvD/qwz0TPh/lZUJDWvedRpm9DElgjJvxQ+FtJr0yOl3Nj9ocEvkOnw1+CJY7zsOeIiS2XOHaYDlVVYWdTLJdVDQmNgUAZAkvFhB/GFhN/I+krUggo+22UGZMSpdiMTxTNZTExJWzW89xf1HxNr5uZbPC1jh9XQ6BqAkvFhLPYfbkkpwL2gcNl1cNM404IhGXi0leyfYHsL+H5jThbN40IC13Hj6shUDWBJWLCXu32Pn9m6tmUdeeqIdC44QhMFRM+z07G/qp25kaO5QTCl2fJM2d5rVwJAQjsQmDuje0vtd+T9CXpx34SfuDyoN1luKikEIHId3DJMmH/E895n8+xjkCIsi3Ca9e1jKshAIHVBOaKCa8b/2dJX5RqJvRw9RBQwAEEpooJL21YUJTOenlAlw+v0kujPkqmIz+8UzQAAhC4QWCOmPAX2p9J+gcJHn4SzKJWCcQmaNdZJmIpZM490gcy4lsAAA0ESURBVCqPPdpNJMcelKkDAgcRmPOg/BlJ35Ha+RuSvvmgNlMtBNYSiPX76wSxz7FJfureHWvb1PP1kb78tVh5eh5m+jYygali4p+nfR7MyvtuEAY68qxpv+8hJq57uTmRlENHHRrKsY5AWHl638hsHSWuhkDDBKaKiT+S9MLUz0tOaw3joOmDEAgxce7l5i9p+0v4JbhV1stBUH+um7GsNPV5MxIb+gqBLghMubm/S9J7Um9tlfCDlgMCLRO4JCa8tBG74bbcz1rabpZm6tTkHBCAQIcEpogJh33elvpOiuYOJ8GAXXJ0xr1pL4yIMsgxeGnD/+6XIMd6AkRyrGdICRComsAlMfE2ST+AVaLqMaRx8wmEmLgqtNmWt0ck2Z+CJY75bK+6wh8kFmZb7LpapoWUAgEIrCJwSUx8RtKzUw34SqxCzcUVEfCX8t1nQqMdweEXH/kQygxYRHIQSl6GJ6VAoEoC14mJb5f0s1mrbyfTZZVjSKPmE7hOTESCKrJezud61RX2lbClhwR3ZXhSCgSqJHCdmPhEtpHX+4m3r3L8aNQyAufEhL+if1HSD0n60LKiueqEAJEcTAkIDEDgOjHhjHVxkGxmgMkwUBftC+H57a/l/PASh50vCQktNxls6XEUB8tG5ZhSEgSqI3BOTLxX0uuy1rLEUd3Q0aAVBOwQGHkk8mLsIOjlDUIYV8A9udRWIP/gfFmOKSVBoDoC58TEX0j6h6m1H+Srorpxo0HrCNgqcdW8Zv+IdVyvutpMCSkvz5USIVAVgavERKS+jYayxFHVkNGYAgT8gnvoZGvxcBQk5XMBwKkILxs9JulFyRJUrmRKggAEqiJwlZj4zZTMJxqKF3ZVQ0ZjVhKIUMXTUGeHgzqRlee7l0E41hOwQLPPBFlz17OkBAhUTeBUTHit+Pey3BIfTTsnVt0JGgeBGQQ8x5+QdCom7JTpHxwFZ8C8cKr9JCwobKHggAAEOiZwKia8D8e7s2Q+rHV2PPiDdi1M7/nyXSxxkJit7KSw46UFGjk7ynKlNAhUR+BUTPxfSf80ayVRHNUNGQ1aSeCq7bC9xPHGa/bqWFnlsJdbSJgte5wMOwXo+CgEcjFx6nhJoqpRZsFY/QwrRO4U6JfeHWfSa49Fp1xvwzcF58tyTCkJAtUSyMXEt0n6GUlflFpLLv1qh42GrSBwmt45lj0IgV4B9YpLg+ul/X/K1kppEIDAIQTyG/2XkvPZsyT9fpZK+5CGUSkENiIQ6Z1jCS+WOPCXKAvcfhJmjfNlWa6UBoEqCeRiIk+fzYO1yuGiUQUIOMLA/hEWEz6cCfMu/CUKkL21CHP2UocFBQcEINA5gRAT/1rSr2R9xTTZ+cAP3D2/5Owf5J8IEzUO5nzZSeE9ThzNgfNlWa6UBoEqCcQD1A/Y+1MLf02SxQUHBHok8KOS7pT079JX8wNnUmv32Pe9+oTz5V6kqQcClRAIMfG/JNnh0sd3S/oflbSPZkCgNAF/LfuwZcJfz/dckVq7dJ2jlWeLz4MnmXRHY0B/ITAUgRATzp8fjlJ+yNqznQMCPRKwmLCfhNfynTb7NknsP1N2pF8m6TskfU/ZYikNAhColUCIidz5krXjWkeLdpUgEGv5FhSPpgLZf6YE2ZtleD8OH2S+LMuV0iBQLYFTMfGwpFdX21oaBoH1BGyNsFOg/7S/xJ8kR8z1JVNCELD1x35YsaQEGQhAoHMCp2KCkNDOB5zuyVY4L2v4q/lunC+Lzwg7X9riYx8sZxblgAAEBiBgMfGtkn4h9fWVkn51gH7TxTEJRCjoK7IlDgR02blg3ytbJNh2vCxXSoNA1QTCMvFmSV8j6fVVt5bGQWAdgUjx7Iil96SiSBu/junp1XZstdWHzJdluVIaBKomgLNl1cND4woTiM3sfkzSj6Sy2Rm3LGQ7uHp5g8yXZblSGgSqJoCYqHp4aFxhArEvh3fEdX6Jv8YcX5jwDcdWc46IjuIVUCAEIFAfAcREfWNCi7Yj4AiDyC/hLcfZKbQs61hGYtvxslwpDQLVE0BMVD9ENLAgAYuJ10n6J6nMd2COL0j3hq+Ew25xviyKlcIgUD8BxET9Y0QLyxGIKAPvEurjPjaiKgc3pSf3MgfJqopipTAI1E8AMVH/GNHCcgROxYRDREmsVIZvbO6FQCvDk1Ig0BQBxERTw0VjVxLwV/OfSfr6VA6RHCuBZpfbGuHNvUhNXo4pJUGgGQKIiWaGioYWIODsl06fbedLIjluAnXIrIWAD2cHXWKtcfSGy3FiMA4IQGAwAoiJwQZ84O5GpEEgIJLj5mSw0+Qb06/OEeHln7mpsG31saAgv8TANxldH5cAYmLcsR+t55GwKvpNJMfNGRBLFPEvtkxYUEw9gi3ZRKcS4zwIdEYAMdHZgNKdswQiYVWcwJ4ct6I65fPQjKgMWyTulcTzhBsQAoMS4OYfdOAH7LZzTNyf9ZtIjqdPglNG9p+YksnSSxxOo01I6IA3Fl2GgAkgJpgHoxDwy+5lkr40dZgsjVePfFgZ4n8vLV3EEsdU4THKfKOfEBiKAGJiqOEeurOPpyiOyM7I3D8/HewzcXf6b1sdLCjORXi8K1kkvlGSGXNAAAIDEuCBOuCgD9plvxSfIemLU3goIYznJ4IFl8VDZAq9TlA43BYr56A3Fd2GQBBATDAXRiEQLz33l7DQy6NuQRHWHJ9tQeGlDC8XxXGnpI9L8i6sr7pcJGdAAAK9EkBM9Dqy9CsnQFjosvlg640tFE7yFYdzUjgSxuIiuBIZs4wvV0GgGwKIiW6Gko5cQ8BfzY9k/4+z4PTpYguFrRHhQ+ErndDKoaR2YnWEzKslPTy9SM6EAAR6I4CY6G1E6c9VBE6TMl2KUIDirQQsKCwe/HNb9l9/K+lZkt4gyY6YHBCAwKAEEBODDvxg3T7Nn8BmVMsmgFOSO3Q0HDOjlH8m6RPLiuQqCECgBwKIiR5GkT5cIhBmen9hs8HXJVqX/9/LRj8t6XlpgzD247jMjDMg0DUBxETXw0vnEoE8b8JHJfkLmwMCEIAABAoRQEwUAkkxVRP4U0lfkVpIGGPVQ0XjIACBFgkgJlocNdo8l0CeY4Iwxrn0OB8CEIDABQKICaZI7wTsJ/Fk1kkiOXofcfoHAQjsTgAxsTtyKtyZgP0jHsvqZIOvnQeA6iAAgf4JICb6H+PRe3ia/ZI5P/qMoP8QgEBxAjxYiyOlwMoIOGzxgdQmIjkqGxyaAwEI9EEAMdHHONKL8wS+V9I7038TycFMgQAEILABAcTEBlApsioC/0XSfalF70gpoatqII2BAAQg0DoBxETrI0j7LxH4A0lfk05ig69LtPh/CEAAAgsIICYWQOOSpgj8uaTnpxZ7T4mPNdV6GgsBCECgAQKIiQYGiSauIvBUttPl7ZL8OwcEIAABCBQkgJgoCJOiqiQQ2S/Z4KvK4aFREIBADwQQEz2MIn04R+ArJT2R/vODkpxzggMCEIAABAoTQEwUBkpxVRH4dkk/m1pEJEdVQ0NjIACBngggJnoaTfpySuCHJf1Y+keHh74dRBCAAAQgUJ4AYqI8U0qsh8B7Jb0uNYcNvuoZF1oCAQh0RgAx0dmA0p1bCHxA0t3pX14hyb9zQAACEIBAYQKIicJAKa4qAn8o6atSi5jrVQ0NjYEABHoiwAO2p9GkL6cEPiXpeYgJJgYEIACBbQkgJrblS+nHEviMpGdLYrfQY8eB2iEAgc4JICY6H+DBu/d3kr5QEjkmBp8IdB8CENiWAGJiW76UfiyByH7J1uPHjgO1QwACnRNATHQ+wAN377mSnkz9J2HVwBOBrkMAAtsTQExsz5gajiHwSkm/nKp+q6S3HNMMaoUABCDQPwHERP9jPGoPv0vSe1LnyX456iyg3xCAwC4EEBO7YKaSAwjkqbRfK+l9B7SBKiEAAQgMQQAxMcQwD9nJPJU22S+HnAJ0GgIQ2IsAYmIv0tSzN4Gfl3RPqhQxsTd96oMABIYigJgYariH6uyvSfoWxMRQY05nIQCBgwggJg4CT7WbE3hc0l2plhdI+uTmNVIBBCAAgUEJICYGHfgBup2LidslPTVAn+kiBCAAgUMIICYOwU6lOxCwJeKOVA/zfAfgVAEBCIxLgIfsuGPfe88jlbb7yTzvfbTpHwQgcCgBHrKH4qfyDQl8WtJz0vKGlzk4IAABCEBgIwKIiY3AUuzhBLwvh/fnYMfQw4eCBkAAAr0TQEz0PsLj9i+WORAT484Beg4BCOxEADGxE2iq2Z0AYmJ35FQIAQiMSgAxMerI99/vEBMPSXpN/92lhxCAAASOI4CYOI49NW9H4E5JH0/Fs/34dpwpGQIQgMDnCCAmmAg9EmD78R5HlT5BAALVEkBMVDs0NGwFgTdJeiBdzyZfK0ByKQQgAIEpBBATUyhxTmsE8mUOUmm3Nnq0FwIQaI7A3wN0ndEt7U3U7gAAAABJRU5ErkJggg==', 'data:image/png;base64,iVBORw0KGgoAAAANSUhEUgAAAksAAACACAYAAAAbDS1cAAAgAElEQVR4Xu2dCfB/VVnGHzVTEyQt9y03TLDUZFRUIhtcMNdRm9w3xFFcEnHBKc3JyhXEhRFMUVBp1FTcR2xcUVCIdJBcGExTcAu3yrE0mw+cF87//r/L/f6+dzn33OfM/Oa33XuW55zvPc993/c87+XkYgS6Q+CcVNWtu6vSNRkBI2AEjIARGBeBy43bvFuvCIG/kvSCNJ4XSuJ3FyNgBIyAETACk0fAZGnyU1jMAB4j6YTUm8dKelMxPXNHjIARMAJGwAhsgYDJ0hbg+dZdEPgjSR9Lf7mbpI8bHyNgBIyAETACNSBgslTDLJYxBpOlMubBvTACRsAIGIGOETBZ6hjQGVdnsjTjyffQjYARMAI1I2CyVPPsDjs2B3gPi7dbMwJGwAgYgYEQMFkaCOgZNOMA751PsiUXdo6d7zQCRsAI9I6AyVLvEM+mgftJOiWN9v6S3jubke98oA+RdJSkG6QqLLmwcyx9pxEwAkagNwRMlnqDdnYVX1PS99KoryXp+7NDYLMBQ5Tent1ylqT9NqvCVxsBI2AEjMAQCJgsDYHyPNrYR9KX0lD3lXTuPIa9o1Hm8V1UgMwCcgsudSOAtAYvFVa4r3uePboKETBZqnBSRxpSfhruJpL+baR+lNwsGPEVSuf09XBJR5fcafetEwRygnyepOdJekcnNbsSI2AEekfAZKl3iGfTwO9I+noarcnS4mnH7Yb7LcqfesOczeeDgWJZgixHsUVxVtPvwU4ZAZOlKc9eWX03WVo9H02i5GDustbvUL05U9Lts8aI7TvMpHko+N2OEdgZAlMlS8THEERM+WNJe0r60c4guNhdlLuMfizpXzao6y6S7i7pAkmnS/riBvfWdKnJ0u6zeSVJj5b00IZFwUSpppW/+ViwLr5O0jWyW70mNsfRdxiBwRAonSyF/gzEiMBICsSGjXmIQluQsPj6d0lXkARZYyPcv9GJX6QH4E+H6FxhbdxW0tmpT7fbkHAWNpROuoO75RWS/qBRm11vncBbRSWvlfTkbCRvlfSIKkbmQRiByhAomSw1TwyVCD1kai9JV/cb4sWxGJFId64xS5B4Ancf1LAasDy+lYK5HdRb4id5nD5dV9LbGlbHh0k6eZzuuFUjYASWIVAyWaLPY1uWvtGwLH1T0peTC/BDyfWGtSkP3LzNTF1xm5ClEyTdQ9LrJUGKp14gSZxwe4Ck31wyGLtZpj7L/fR/72SFvUqqnhewe0r6aj/NuVYjYAR2gkDpZGnZmJoxS1frMGYJl9smMUu3TASKvp4v6WY7mYgK7mnrhru5pK+l8aLLNGXNGcYcJGnZFGIlgBB686tgkfc0hMdJekNWN1ISSEq4GAEjUAgCUyVLhcB3cTdyq9JLJT2npM4N2JfcsoTAIseiF5X8Ov6/6toBu79RU4zh6cmStOzG/5H0RElv2qhmXzxXBJqyAn42z3UleNxFIuAP5HbTkqes+IGk+0g6Y7sqJ3t3W7LEAH+VjXIqZAn3GjnvsBKtO2CAyw2SZGHOyS7nwTvefIngWfKBwXvhBo2AEViIgMnSdguDXGhxSu+Nkh6/XXWTvrstWUJjBq0ZChozIQFR6uAhRliRHrMiHom+IzkBQYJM7VTGolQM3K/+EcilN2gNq+Tx/TfrFoyAEWiDgMlSG5QWX5NbRz4r6VGSSGMw19KWLD1c0lsSSMcmQb7SMAsrEgQpV1xe1E9IEgQJomSSVNpMTqs/uSvulZKeMa3uu7dGoF4ETJY2n1veAN8viWSxUYzjJaQipANWudZySYjSTojhZuNEGyRpXflEIkiOSVqHlP/fFgHkJa6fLv5oErtte6+vMwJGoEcEvMlvBi4b6V9k6Qp4uHGKpYbj75shsfvVbcnSaZLunG4vwdXAiTZUtte52WLEb5bEW/8mJya3xdb3zwMBcitGPByyKb83j2F7lEagfARMltrPEWQAfaA8uNdqzJfh11Y6AAwhJmdJ2q89/J1eyRxiRaIf9Htd+UIiSO+xq20dVP7/Fgjkit5OsrsFkL7VCHSNgMlSO0RJSfASSXtklyMc95F2t8/iqraWpSBLY2wGm7jZIEi42CBIPtU2iyU8+iBNlkafAnfACCxGwGRp/crAxUYKiytml9qitDtubcjSwZLIf0V6mKE0qQjWxs3252uO/BOoDYGDHPHdBGn9Z8NXdItA/hmaumBrt8i4NiMwMgImS8snYE9J95L09uySX0o6xEKDC0Fb54YjwzqZ1tGmuigpd1/Y4/pvc+Qf6xHkiC/HIPU4Ga66FQK4hbG8UiDr5Fh0MQJGoAAETJYWTwIb+qGSDmr8+68lPb+AeSuxC+vIEoHx4Ed5bI+EM/K0LTrRRq6/3Hrko/4lrqT59ik/KTpmTN98Z8AjNwJLEDBZ2hUY8rpxQutZDbx+KOlVPvW28nOUi+rxRpy7sXIihQWHJLoIUnZZcGFAkHC5RcG1Rj+IPYIk2XrUJeKuq2sEeEE7LlV6QSYj0HU7rs8IGIENETBZugQwVLjZbHET4S7KC7ED6AG9Y0Ns53b5MrLE39Ff4jvkBZy7Ii3UeWAWj4RQ6OUTOaINn16b2yqc9nhzyxIj8fN52vPp3leEgD+Ml2gkYU26zoJ5xSKBy8hlPQLLArzBMKw9KBKjUbRtiVNttBlSDsdkwdnb1u/7jcAYCORkyTFLY8yA2zQCSxCYM1lio315JjCZQ0QaDjb5z3vltEZgkWWJE2hHpxoIpm6jabSswQjYRhg0CFIc7++CgLUeqC80Aj0hkL9wjCGt0dOwXK0RmD4CcyVLWDiOWjB9PKBQ5I7cZdOf4eFG0CRLHNk/OzW/U/fbshxtWJEgs12584ZDyS0ZgeUIWDrAq8MIFIrA3MjSHSW9qHHK7XxJr5d0egoCLnSqiu9WHsT9h5JOzCxAm7rf4kQbViQIE4VcbMQgOWFt8UvBHdwhArl0gEMAdgiibzMCfSAwF7LEGxtE6cUNEBGbPEkSOd5ctkMgJ0tfkXTLVB251Nokpl0kHolFCoLkXGzbzY3vngYCJkvTmCf3coYIzIEsQZReI2nfbH454XYfqzR3uuJzN1xUTEwR+K/SM+L/kcg27sOKxJs1Xy5GYC4I5G44XuyOLHTg+2RivbcutI/ulhHoFIGayRIPHr5e0ECshEz3nU5iIZUdIOmTWV8QgMTatIgoQayCIEWwNteHFcmpRgqZVHdjUATIDkBIAAWtNw6glFIgSHeS9JeNtEHIqnCKz8UIVI1AzWSJNCUocUfhhNthVc/meIPDhXaqpP1SF74qiUTDTdLDkX9cDcQiRTklS1g73gjcshEYH4HcDUfi7ueO36WLT57+naT7Srpqoz/OX1fABLkLwyBQK1nipBtBxVGc+La/9QRReney4kUrfyLpg+mXsCIhIxDB2liRiENysHZ/8+Kap4dATpYemCytY44CsV4SXjdjDolJ5Bl7/Jidc9tGYEgEaiVLpCeJjdlm4v5W1CKiRGt3k7TXAisSwd6ReqS/XrlmIzBNBHJdMj5DSJmMVW6aJFT2b3QA3bTDx+qU2zUCYyFQI1kia3e8CX1Z0q3GAncG7X69IRB5mzTm72SK6AR5Y0Vy6pEZLAgPcSsEcgXvsclSM4yBgb1L0oO2GqFvNgLTQiBin8+ojSzlp0mcLqC/RYlr7Z2Z+jnikBdKOjg1+Z9J3BOS5GDt/ubBNdeFQClkiZPC72tAe7IkpFb8ea5rzXk0qxE4QtLLCCupjSwRiBhBkVgy8Pu7dIsAQfO8dUb5iaSrNZoY+6242xG7NiMwDAK8XDw9NXW7ERXqcbXhEozyWUnEIRLe4GIE5oRAWFhfWBtZIrs91iWKN+xul/R1Jb2tEchNCwRrE4eEy5O3T8qYD/puR+3ajMBwCBCjdGBq7upr9Mn67BVisPkLEMnErXnWJ+KuuzQEHppeXBCzfgc/10aW8hiam9hk3Nn6e5WkR6Wg7aj0nKS5ggWPkrtATVQ7g94VzQiBnCyN9WzOP8cBvT/PM1qEMx4qB5aIu8XCG0nfL01oPdYHsq/5MFnqFtmHS3q+pL2zaj8s6bWS3t9oKn/I2rLU7Ty4tnkgQDzQjdNQx3o2N93sl24W85gCj3KGCECSEK9G/4943Eizxdq/1KI61geyr/nA2hFpTRBRa27ofbVbW703l8SpwrtmA/tIEqdbdpw5zw1nslTbiqhrPDwUOZRQWrAyavdIbpDuJ8IJhkY+DzKnbZ4Djxu6E27PCPSMAKQoRJLDisTnDqsSe9xumSdqI0skxL1+AvnVkp7WM+C1VY+mCgGmD5Z0hTS489JpgHUCdCZLta2GOscTZOCYRhBzCaP9VerEmGSJnHTPycDglOv1SgDHfTACWyAAOSIekH2KF5EgSEjbYD0inGTly1NtZCl3w3GC485bgDunW1lInIC5t6RfzwZ+Ysrh1gaLPJGu48XaIOZrhkYgYoJKJEpgEWSJFEB5SqAhcaJdFPnzgm7aSZL+XhKpjFyMQIkIhBA1ZIifgxwFMaLPvIhgVeZrI+2/2sjSoZKOy2bRm/bqJY0VCZfZHkkzKZLawrCRYVhnTcprt2WpxMeH+wQCQQA4uRkuuNKQ4eEeR/PHzDqwTJU/8MJif1HaaNhwXIzA0Aiw1xDbx/7Od06O4lL7lKQbpbgjXozYx+Jra7d7bWSpeZLDwYm7L2MWGhsGRAmWTSzSkZJukC4Fsyfu4A3SZGnoR4bbW4cAGz8WUxT9Weus+91iEdZVMtD/88/PmGSJ4fIcxbrV1E9rQsFGRHJdnhnkguT3Zkwjbk++XIzAJgiwBonf43PB55jvvMzHCz1B2EGAIsYo1l4vn/HayNKeSTmaEx1RLNF/CRKQoxDpZFFhgmTz4BRAlG0SDuduuE01YpAmeIKkb6c4Egfmb/JY8bWLEODhijuJtYjAYuk6QTlZIgk4gaZjlzx1VNu+/Dyp+UOcYqM7U9KLElFlk6Pw/142tbYd9XWjIBCEB5dzrA86Eq4z/h/uNNYKayRIUZDxUdZObWQJ0JmAt2Sn4vjb2G9qo6zKxMIhSWwWeaQ/pAiX5e1TxwiMf+SWiTtzN0JbstQ8ptwFaRsLa7dbDgIRxE3wJlalKbiLcrLES03ol42N6v3SqVhwvGbPnYkA259KuqIkYqUobJg8X5rfF3UnJ2BYxr6Z3RvXx2Yc9eX1RDuL/sb1UT/XrQoIjmujvvidPReigMv18sl6AimI67CmBKFsjo/28vp6no5Lqw+8+AM6RNFf/h5SF/wc1+WEh7/lvzf7zGcUbHKXWf7zUGNc206NZIlBo76J2nRe7iTpjLWITP8CFmccicSnG1oRfIecQJDy0y78neSYxCFsU3ZClvJknf+bHpDRB8sPbDMb87w3tyZhmeFrKtaLnCyVKAKJu43TsmivhXWAk3Io+1P4P2RqUfqjea7G1aOGJETi8a7wyclUW1mMnAjRjyA28bmBGEGIyBVIPBB9JvYvJ5w5iYyfm3/LrUFBhroa9yD11EqWAO/Zkl6SocjpOBJBLtMJGgTwHhthkeNSw5zJAg+9CBYmBAmtlCdn7Z8v6ZkdvsHmZKnNusrjy5CTx9qVW5ocb9bjYqmw6rAm8SDHCjK1z3nuxq7hRSEIFZ/t35aEBMmXsk121RL8tWRx+Y90UW61iPtyK1OTEMfvbSxL1NckDM2+8X+sk7nVaZVlqWmByglE1M3LKZal3GK2DJPoX/59UZ/DikM9tBnxPfH7IqtU3te4rkl4Yvw59hU+QlYPqc2mNmVQUJrOCUJsylMeU953FjHHI9kocitSbsJviszx0II0gkXXJY4+t1lXkcePN9HfTXEO9CeXf7ihJFyELkZgGQKQbmKT+CxM2d1ea7qg/Bns08n+HE8WgTab2mQHl+KXeJDmDPsISa+Y8qDSeHC1QYSYQ743RbWaJOlnkt4s6Uk9jr0tWco3hqZ4KPMVGjOPkPTWHvvrqqeLQGiDsVaIx8Oa1Nb1UOKoczdcTaQi/6wTZE9SXhcjMDkEaidLTEiTNPC3qb6B8uB5dCITuBuCJOULj2tesyDAHRN4H9akvO22ZCk/ZYMQ5oeySvL5situco+U3juMBYlDC6wT3M2QpFKCobcZfE4q2h6Q2Ka9Ie8NKzJtzmHPGRJbtzUQAnNZuDyIPpql8ADeKVmYQhcp9E/YKJonfDjddlCK+4nlw5s21qShdE7akqW4bpHKOkGiEDu+XyDpVilodKCPhJspGAGIEbpJYU0t4Xh9V3DlZKkmyxL4MG+8IE35RbWreXY9E0VgLmSJ6XmqJPR8onxX0p8VHgiKFQmig8sB0oMZOw9cJeEtrqpcKynG99LGqbchligkiOBA3oyXlfzBeUjSxWpeiwo75I+yjfbTEGN2G/0jgIsKkgSh4HOAFMZUTrm1RSdPM1KbZQkMPi3pLinQ+xZtQfF1RqAUBOZElsA836hjDkp0yRGPxFtzkCQIU8Rj8DfGwTHeeyxYSJApxjTGaSA2MAjTKrIUJnmsR7de8kHI54kAbwK9XeaHQO5yCwvplOOSVs1gvuZrfC7n7vUaxze/T+fMRjzHRfvydGQ+pprN+PAB4nnaLK38DboZtMqpvqckt1SzLkjKqckK06advq7JCd2iNk5O1jz+t4qkQgghVRGYT5A3FjSXeSAAScLSgjUJPRosSVMQltxmdmonS/sk9zoY8SKISrmLEZgMAnMkS0xOU1KAv40tBBenwNgcInCbByiCYFiQ7txYVRy5J5ULgd4EdP+ggFWXq9s2u5PryNDXdWrAuebSLyT9zYCxVwVAOdsuELx9gCS0drCO1hSXtGpSw/Kyzo095YXxmWQRr03CZcpz4r63RGCuZAl4FqXaGMMlB2n4Xib5HoSD+IxmgSD9c4rbeG8Hqtstl0nry7As4YYjQLVZ2PjQhKIck6wFqyoGl3+V9FvZRcRwndi6N75wSgiEVRVBxsMkfaDCuKQ2ZImXJbCosWApxEpImfPeU+PcVj+muS9Y3ubYgHMdpidKOn7AmSf5L8SHwskvCAJE4dz0BcmIE2L8reSCqwSy1yR6PCB5UEZpG8CKwjhu0yhnSdqvZADct40RgBhwQAG3W63B221AwYKGVa1mslSr8Gab+fU1E0dg7mSJ6cPCxMN632wufQJrZwv7c+m2O2S3E39ydkZI2RBxL7Ytef447sF6dfd0qqZtHb6uPAR4QYEcsBZCL2mMQwmlIINWFAc7iFVcZFUupZ/b9OMaKbEteeQIHeCEsosRmAQCJkuXTdNXJO2dfv2+pGtNYgbL6uQinaWmKOhO8l5hebtvNtQvpo12zptrWTPfvjeQZ15OIEk16iW1R2LXK8NNXTNZYsQhSOu4pZ2uFN83CgImS7vCnuclW3W0fZTJmkCj56Q+hiRAHtTNv7bZCCI4NGBAJ4s3075VyScA+2S6GLphuGEhB7hna5UC2HRSgiyNETe5aV+3uf7FSf8Nlz2HamrTy9oGG99bMAImS7tPTi7Nz0ZMDNMPC57DkroGdhQeghRENNkgo2xz4hDXBPIJuE3zUvvmUtL87rQvzB0xa8Qn5ac9d1pfjfdBGjn5Wvt6vp+kU9IEOtyhxpVc6ZhMlnafWKwhp0m6XvrXopQclS6HrYeVW5Zwt+QkE4mDPJB+p401Y5ioZ+ig/J32fW73Md/hcmPstROBbeY3XNjoD9Usl0DWga8loLwetlkxvndQBEyWFsPNmzCbcmgBHSvpSOcoW7s2cWNSkA5oxiqRbRxL07YFEob7ppnixW+p2yLb3f15XBI/Y0mwy201vkGWuvqcdDeb3dcULnWeB4zXxQgUj4DJ0vIpam72fgtav5xzN1y4FbiL005sml2WO0o6PauQ9hbpO3XZputajwBuVywjzDfWREgSJ71cliOQW2G3cVVPBeMghsRphct+Kn13P2eKgMnS6onPdUG40oRpNV5npn+TIBe5gCibygVs8nFE0DMsgH74boJct9fmcUmQY142sBw4gHc9znMjS3G61S8469eGrygEAZOl9RPRVPpGK8QB34txizdGFLrR0InS99tyHpRvQrt+TXd5RZ7PkHpxuUGUas/l1jWG8XKxE2mNLvsyRF1htb9A0vWHaNBtGIFtETBZaodg7pJzwPdyzCJmiXXFyR5KV4Hdq2aqGZTvxLvt1vU2VzWDtyPhrbWvNkcVwmmytDluvsMIDIaAyVJ7qEla+8B0OQKJ729/62yuxMKzRyMlSZs8cF0AlGdtpz4HfHeB6u51NEkSZDhcbv20WH+tuR5Z21RAU0YlD28gztBaW1OezZn03WSp/UTvL4lTHBQrfC/GjZilGzbUz4d0KxwliaPXFMcvtV/bba4krgatJHK48bPjktqg1u6aPGZpDmTp9pJ4VjjXY7v14asKQMBkabNJwL3zsHSLY2N2xw7LEqfUrpL+NYQLrtkLtJ4iz59TKmy2vhdd3bQkcQ1rnxNvDt7eHt+oIeL95mBpyV88vQd1t4ZcU48IeKFuDm4EE/skx+7YfVoSD8LLp38dnwQjN0d5uzvyE3ImtTvDkjiaSHRLDViSON2Gy80kaWeYrroryNKQltjuR9GuxtwN1/fhj3Y98lVGYA0CJkubLxHEKf823eYP+q74cbrlutmfUEG/cHOIt74jP8GIy/TgZPLfuuIZVICbDZLEhhYkyTIA/U986JLN4ZlyA0nnSbqSpPtLQkrAxQgUjYDJ0ubTkwcSz0Ftty1CTU2qsRMRN3P8EfDtshyBSHIbKWkcuD3sakFq4TZJpLH2E4XEaPH5xHp5d0kfHRZqt2YENkfAZGlzzA6VdFy6zWRpV/x+JunK6U9YI3CBjVlyyQcH5e8+E2xakH8sSUGSPpHikay6PezKBW+sLHOwLIHst1P+Ted1HHadubUdImCytDlwn5R0QLqtT2XqzXs27h2oaBMrFAVX2DvH7dLFraP9FERgbGtXAXBc3IXI3UYqkigWkxx3dogHw7o3lxew70i6doqDc364cdeeW2+BgMlSC5AalyBKeaf0Nx9PvwycphvuWkliYXOEu7/DLrlLMGWO2JCxJlFwtWHR4GSbtW66X3eb1BhW0LkcSIiXmLEOgWwyN77WCCgnSwTBBtM3NMsRyN1wluu/DKemZelmks4vaCG9XRLWLspcNiTGilUN9w4EiRgRTrVBjNicIfs+2VbGIo2XjbmszZdJOkLSaZLuWsYUuBdGYDkCQZby00NPk/Rqg7YUgaYFBU2fc43Xxclsww1XoqxCCOHFVNWuwdS0IjFu3Ma4e2oPIJ7ixzFUvOfi2j8hEfgSnxVTXD/uc88IQJZIDIsy9S1TW7VvIl1AGpoo1HWYpGO7qHTideQkstRg6n0kEbcUpbYYJmKRws2GFSkKKWfsaiv7A8bcfUsSWmX3KrurnfQud407HKQTSF1JnwiwSPNNzkRpPdoQoydll83l9Mo6ZF4q6VnpIqwXpQZtNi2DdHnqJ3LQRoIk8T1KiEiaJK1bueX8P+LG4kBCOT3rvie2LHWPqWvsEQHIUn682hv/arA5Bfc2SYiqUYj3IJeTy67rqPS4CyxMxDBFWhTm732SXiTpcxOZTCxHQZDyzZWgbQgShNXxSBOZzNRNgu0PlETKk9rnLvYdH5KZ1hqdbW8hS4+T9IaEAElQMQW7LEYgNx1zBQGKrzBYFyOQY1OyZSmmC6XxR0l6cWP+/knSQZKuKum/Cppb3DRspFiPsI41rQ/WRyposnbYFUgumldzyA8XliWfhtvhYvFtwyIAWfp9SV9IzaJyjCvOZXcEmkTJH/LdMUI75ZdJlXcqQe+QplMbViZGxhsvBCR+HjooGkKEojOkiJ/zGKRAHisSxJQvH/2f/lML3aujZyJMGadTXyLpudOfOo+gdgQisC6IgAlAO4uSTcf1fTKQhDg8O+jQHOHPU547SAmpKXCTsA540djGZQIZClLEz5CiyMu2COXQRoIg0Q+XehDAavjumUhbnCmJE6rPSG7jembRI6kSgSBLeb6zqQe7djlRvOlhbds/qxQ35VOTmF+XbbmuMhDgzZ5Na5MgWwgUX6FbFCSGzxdEaq80NOrki/VEEtFVpCi3HlFvfNmCVMY66aMXIR+AmnoerN9HW2PXGSeKD8nCQMbuk9s3AksRyI9s5m6mObvjiAtBxO/eS6wMc8ZmTh8lgsCZa9bDHpL2lnS1HgHg9BokKyxX/Dy066/H4bnqlghAriESNR8cQRrhQwkPHypquTB82bgI5GSJzeBdKXZjThICETjLW/4qiwKaPJzyckzXuGt27NYjuBp3WbjNbrxhp3DdBTGCEIVbb8NqfHmFCERC3dtV7GbFe/E6SRdJukX6XuFUekg1IdAUA2Mj4JQCmwDk4AmSyIU2tQIBovCdr3CD8DNj43u+2a0bHyfeXuMg2nUwzfb/4V6L77HusBLEV7jqHGc022XSauAR5F1zLA+ubsZp9e5WS8IXlYDAIuVU9C/Qb4mYjU1imEh5gXozMVBBuPj+Gx0Pls2ITSiIDz9DfmKTCrK0TbM/SSdTOLUxlZNd24zX9xoBIzA+AjzHzk4uWFxUNZY4CTcnD0aN8zirMa2SmScFSgQ2fzXpCZ0lac+E0E8l3TRd84eSrrzg+PXUwMQ9glvEJ42mNnPurxGoBwEsLrh2a9Vbir1lCnps9awqj2QrBNbl5OEo9Saii7juQpsGCxO/Y/1B4C9Kbv3J3WX8n9/XxX8QCBuuDa7nwcLv15P036mRcLfxa7jgFgFFX3GL8EWswDZHwLeaCN9sBIyAEUgIhLp16Ur4O5kwDklwopiX7hrHtxNMfM8EEFhHlhgCqT0eKekekm4l6dppXN+VdJKkb6cvLDIQpBJL7pYLglViP90nI2AEjEBICPDyVlvqkzw3I/piX/R0G4EpINCGLE1hHO6jETACRqAmBHBRETtam/Xl2ZJQ7T4vnYSrac48looRMHgNg/cAAAQWSURBVFmqeHI9NCNgBCaLQK3WpS8n/bpXS3raZGfHHZ8dAiZLs5tyD9gIGIGJIFCbdelgSR9M2FvcdyKL0N28BAGTJa8EI2AEjECZCGBd4vAJit41xC4dJ4kcjJyq3q9MyN0rI7AYAZMlrwwjYASMQLkIvFLS0yUdk4Qcy+3p6p6RNJfkuRTcb7jhXIzAZBAwWZrMVLmjRsAIzBCBPHaJFChTTaT8KUl3TfN3HUmcpnYxApNBwGRpMlPljhoBIzBTBCJ2Cc27IyaIwUMkodpNeYqk105wDO7yzBEwWZr5AvDwjYARmAQCxC1RpvbM3kPS+yShr2S5gEksNXdyEQJT++B5Fo2AETACc0Tgyckic7wk8nVOpURiYPoLYYoMD1Ppv/tpBCb5luJpMwJGwAjMEYF7SvpwGvgdJH1+AiCQLYF8mzdKycghS6VmeZgAnO7imAjYsjQm+m7bCBgBI9AegcgZd6ykw9rfNtqV0V86cLeUpHy0zrhhI7ANAiZL26Dne42AETACwyFAsvDTUsJxyAcaTKWWOMVH/3C9YVVyMQKTRcBkabJT544bASMwQwROkPQYSZyQe2zB43+PpPun/iF5UDKxKxhGd60UBEyWSpkJ98MIGAEjsB6Bm0s6VRKWm4dJOnn9LYNf8QBJ706tTl1Mc3Dw3GCZCJgslTkv7pURMAJGYBkCL5f0zELThhDU/fXkKvyxpNtOWEjTK9AIXIqAyZIXgxEwAkZgeggg8ojY42clPa+g4OmPSzowwfkMSaRrcTECk0fAZGnyU+gBGAEjMFMEsODgjoOgEPA9dgmlcfrhoO6xZ8Ptd4qAyVKncLoyI2AEjMCgCJwjad/U4iGS3jBo65c0huvtBVmi32+k029TzWM3AoRusnQETJZKnyH3zwgYASOwGoHTJd1R0kWSjpSEyvdQBaJEMHdIA5goDYW82xkUAZOlQeF2Y0bACBiBXhD4WEZYPiPpLr20smulSBggZRAFtW5OwtmiNAD4bmJYBEyWhsXbrRkBI2AE+kIgV8ymjT5Vs/P4JNo6JRGlvsbmeo3AqAiYLI0Kvxs3AkbACHSKwMMlvSWr8WhJJ3YoCnmopBdKuk5qA3kAkuVCnlyMQLUImCxVO7UemBEwAjNG4ChJHN2n/EgSUgMXppNznJ7btDxe0iMaaUv+UdKDN63I1xuBKSJgsjTFWXOfjYARMALrEXiqpAOSHtOiq8+U9H+Szk0SBN9Puk17pYtDL2lPSbfPKjhLEhart67vgq8wAnUgYLJUxzx6FEbACBiBZQgQiH2QpIMlXWMLmM6Q9A8WmtwCQd86WQRMliY7de64ETACRmAjBPaQtF/mSruRpKtK+qakIyT9UBIxSFEQvKS8UdJJBamEbzRoX2wEukDg/wGEHlByK8uFkQAAAABJRU5ErkJggg==');
INSERT INTO `valveinfo` VALUES ('FD/L-2019-000004', '深圳市御材科技有限公司', '深圳市龙岗区长发中路19号奥雅大厦504号', '黄鹏', '15574388888', '11011206', '双效浓缩IV蒸汽管道', '弹簧直载式', 'A4K8-16C', '1Mpa', '水', '1Mpa', 'ISG ZF001-2006', '1Mpa', '1Mpa', '离线校验', '压缩空气', '合格', 'w', '解体、清洗、校验 研磨阀芯 ', null, null);
INSERT INTO `valveinfo` VALUES ('FD/L-2019-000005', '深圳市御材科技有限公司', '深圳市龙岗区长发中路19号奥雅大厦504号', '黄鹏', '15574388888', '11011206', '双效浓缩IV蒸汽管道', '弹簧直载式', 'A4K8-16C', '1Mpa', '水', '1Mpa', 'ISG ZF001-2006', '1Mpa', '1Mpa', '离线校验', '压缩空气', '合格', 'w', '未修理', null, null);
INSERT INTO `valveinfo` VALUES ('FD/L-2019-000006', '深圳市御材科技有限公司', '深圳市龙岗区长发中路19号奥雅大厦504号', '黄鹏', '15574388888', '11011206', '双效浓缩IV蒸汽管道', '弹簧直载式', 'A4K8-16C', '1Mpa', '水', '1Mpa', 'ISG ZF001-2006', '1Mpa', '1Mpa', '离线校验', '压缩空气', '合格', 'w', '未修理', null, null);
INSERT INTO `valveinfo` VALUES ('FD/L-2019-000007', '深圳市御材科技有限公司', '深圳市龙岗区长发中路19号奥雅大厦504号', '黄鹏', '15574388888', '11011206', '双效浓缩IV蒸汽管道', '弹簧直载式', 'A4K8-16C', '1Mpa', '水', '1Mpa', 'ISG ZF001-2006', '1Mpa', '1Mpa', '离线校验', '压缩空气', '合格', 'w', '未修理', null, null);
INSERT INTO `valveinfo` VALUES ('FD/L-2019-000008', '深圳市御材科技有限公司', '深圳市龙岗区长发中路19号奥雅大厦504号', '黄鹏', '15574388888', '11011206', '双效浓缩IV蒸汽管道', '弹簧直载式', 'A4K8-16C', '1Mpa', '水', '1Mpa', 'ISG ZF001-2006', '1Mpa', '1Mpa', '离线校验', '压缩空气', '合格', 'w008', '未修理', null, null);
INSERT INTO `valveinfo` VALUES ('FD/L-2019-000009', '深圳市御材科技有限公司', '深圳市龙岗区长发中路19号奥雅大厦504号', '黄鹏', '15574388888', '11011206', '双效浓缩IV蒸汽管道', '弹簧直载式', 'A4K8-16C', '1Mpa', '水', '1Mpa', 'ISG ZF001-2006', '1Mpa', '1Mpa', '离线校验', '压缩空气', '合格', 'w', '未修理', null, null);
INSERT INTO `valveinfo` VALUES ('FD/L-2019-000010', '深圳市御材科技有限公司', '深圳市龙岗区长发中路19号奥雅大厦504号', '黄鹏', '15574388888', '11011206', '双效浓缩IV蒸汽管道', '弹簧直载式', 'A4K8-16C', '1Mpa', '水', '1Mpa', 'ISG ZF001-2006', '1Mpa', '1Mpa', '离线校验', '压缩空气', '合格', 'w10', '未修理', null, null);
INSERT INTO `valveinfo` VALUES ('FD/L-2019-000011', '深圳市御材科技有限公司', '深圳市龙岗区长发中路19号奥雅大厦504号', '黄鹏', '15574388888', '11011206', '双效浓缩IV蒸汽管道', '弹簧直载式', 'A4K8-16C', '1Mpa', '水', '1Mpa', 'ISG ZF001-2006', '1Mpa', '1Mpa', '离线校验', '压缩空气', '合格', 'w11', '未修理', 'data:image/png;base64,iVBORw0KGgoAAAANSUhEUgAAAdAAAAB4CAYAAABCZaM3AAAgAElEQVR4Xu1dCfB3VVl+DFtGXErLIfdKIZckR82EzDZTMqFsNVFbDEJGLYWwbdqcQkpaqEwitMyymnKBUTPbTSGkZUDKsLQBw5GAtKSpybF58Lzwcrq/3z3n3HPvPef+njPzzfd9//9Zn3Puec+73wEqh47AvQHcF8Alhw6E1i8EhIAQyEHgDjmVVXdzCHwrgAsAHAHgfACnbm6FWpAQEAJCYCYEREBnAraTbt8O4LFhrjcCuEcn89Y0hYAQEAKrIyACuvoWrDaBhwB4lxv9HwA8eLXZaGAhIASEQGcIiIB2tmEVp/sjAH446k/noSLA6koICIFtI6ALc9v7u291MQGVCPdwz4JWLgSEQAECIqAFoG2kyZ8A+BJxoBvZTS1DCAiBxREQAV0c8mYGfC+AB0Sz+VEA5ExVhIAQEAJCYAQBEdDDPSLvBPDIaPlPBfDaw4VEKxcCQkAIpCMgApqO1ZZqUnRLEa6VfwRwNIAvBfCnW1qo1iIEhIAQmAsBEdC5kG27XwZQeIWb4hUAPk8EtO1N0+yEgBBoCwER0Lb2Y6nZeAvc9wG4BsDjAEgHutQOaBwhIAS6R0AEtPstLFrA3wI4NrT8AAAGUaBYVwS0CE41EgJC4BAREAE9xF0HrgXAIPIsHwRwKYCnAHgUgMsPExKtWggIASGQh4AIaB5eW6n97wDuFhbzZwAuA3AGgHsCuH4ri9Q6hIAQEAJzIiACOie6bfb9qQBuclP7OQAnBZ9QxsKlOFdFCAgBISAERhAQAT28IxK7sFDvaTFxdR4O7zxoxUJACBQioAuzELiOm8UuLCeHXKDUix7T8bo0dSEgBITAogiIgC4KdxODxUHkaTx0EQDqQuPYuE1MWJMQAkJACLSIgAhoi7sy75xeCeBZbggjoK8H8DXzDq3ehYAQEALbQUAEdDt7mboShup7vKvM8H0M6/drACjeVRECQkAICIEEBERAE0DaWBVGHrp/WNPfAfjuQEAVRKHPjb4yTPthfU5fsxYC/SIgAtrv3pXO/GOuIfWePxsysIiAliK6Xjuvz9b+rbcPGvlAERABPayNH/IBZVg/BpbXBdznWbCsOhTFqwgBIbAgAiKgC4LdwFCxD+j3AKBIlzlA+W9yoypCQAgIASGQgIAIaAJIG6pCK1ufMPtrQwSinxEB3dAuaylCQAgsgoAI6CIwNzNIHESBYj9ypYxERGL6umZmqokIASEgBBpHQAS08Q2qPL04iAL3335GYkoXFxUhIASEgBBIQEAENAGkDVUZIqDkOhlM/hEAaFCkIgSEgBAQAgkIiIAmgLShKj4KkYXus+TaOgsb2mgtRQgIgfkR0KU5P8YtjeAJKEP3USfK1GYMqPD5LU1UcxECnSFwNIDjglEeJT0qB4CACOgBbLJbog/jR79P/p9+hMwJyohEKkJACOQjELuHMWH9p+V3oxa9ISAC2tuOTZuvJ6DfFrjO58sCdxqoan2wCJDr/L4dMaTPA/C8g0XmQBYuAnogGx2W6QkojYYo0mV0ogccFgxarRCYjMDTAJziUgCSWF4RJDrWue7XyTC33YE2uO39qT07T0CPDbpPZWGpjbL62zIC5jfNv98L4F8AvAjApWHRvwPgG8K/5Rq25ZMAQAR04xscLc8sbvnRk/tUAIXD2n+tthwBGtnxe7GcuVcFH+rfjbpUgP9yjLtr2QsBPQHABwFc3h3CbU3YUpnRhcXEthLftrVHmk1bCFDFwVCXliv3QyFmNONG01goLt6gSAka2trL6rPpgYCeA+DMsHIFPJ92BIyA/iWA4xX/dhqYar15BGiZTq6TRJSF6g5ymPyOdhVPQCnlobGeykYR6IGAUs9gXJL0ddMOIl/MdwPwbgBHBSvcfZfBtNHUWgj0iQCJILlO842mxIbENCVSlxfh0uZAaeb6PANJs+6BgF4N4IFhNXL4T9rWnZWMA2UFi0Q0rUe1FgLbQoCiWbp2sVBcS8JJTjK1iICmIrWBej0Q0D8C8GUBa74A6X6hUoYA9cifEZpStJRzMZSNqFZCoA8EKOViqj/jOkulXbTApSUuy+kAfqmP5WuWJQj0QEDfBOBJYXGK8FGyy7e1+Zhr3sPeT1utWguBNAR8mj9aqPP/pZmJPAeqR2oa/t3W6uESvQHA3XXxTz5jNIRg3FsWhe6bDKc62AACsYUtvwsSwCHr2tTlvsJZ7IqApqLWab0eCKg3IiLMPcy5xeNAERWxZJGDd4s7pDktiQBFtRTZmoFirYTyPpCCRLhL7ugKY7VOjMh5/jmAhzpslLey7KA8G8CvhNe1Al2XYahWyyLARAf24Ks5MoMh0MqWxJPGdPz/FK7Tz41zphWvHqo1d6zRvlonoHGWAx3K8oP018EAix+4GWWV96aWrSBwZZjIw1qZUKV5zBHRZ0hkWzsLkTjQSgegh25aJ6CnBSu2jwI4Qq+64iOl6CjF0DXdcA4i08qCTXVD16vPqjApGgaR6yQRvRnA0wG8rkK/cRd+T6QqmQHglrpsnYCeG6LlfBjAXUVAi49OnAdUCX+LoWyqobce3ZLBCh98rwZwrxC8YIrrGsW0JJwWw3aqle3YAfBJ678XwE+NNdDv+0WgdQJqFm30X7xngHlLF8USJ4cXB40lbgzWzC3iN5euawl81xzDSxa2xO2cBeDsAOyUeLJxKD4ST34PKRGFSvfVB2LgGpgvVGWjCLROQBl56OEA/gnA54Q9UDzcvMNo0YeIJVOYtXbRblkMmbdT+bW3SkC9Ic43AogznowhRQtbPr4tKALr1zYW2jUHLxUoDcYwtj79vhEEWiag3u2ClrhfLAKafWqMOL0+WBySgLZmxbxVMWT2ZhU02CIBjQ0Hc+4o6jcZho+cpwWAJ6xLEjKT+BjRNovcgu1Vk9YRyDmcS6/lqwFcFAYlATipgkhn6TWsOR5f338T4nny3xRbMZA8XVhqmezXWJ840HIUt4jdLwJ4ToAkJ5tJHIrPUJ0iAi7ZGfvu2FaR00oQ7KhNywTUDIiYeusTADw24EpCwD/UZ1i4rdKwWx1tVfZULXm2ibwtjF9re/5SAC8Iq+OevzB7pYfbYGsElHGa3+XiNTOOLIMRjJVY12n1awVHGBvf/95H/OLPW/vectaiuiMItLa5FHfwz+MBfBGAO2bu4FsBfCaArfnEZcIAM2Qg506Rkn3ULb6I3+P029R1W+ad3DUfYv2tib+9+JP7+RQAF+/ZWJ5r6jrNwtaqLmEstO+8WdpA1mnN5uAQv5PZ1rw2Ab03gMcAeGrwy6q10KXFNrXmXaMf0yHxEuG/aURkP2sxHZwPcK8Xe94J2JoO9P3BdcVQ4GOKj6qhQpEtjY0sFJ/VWcpYaN9OebcxEdC8M91V7TUJKEPLMdv7fRIQ+28Anxzqkat6I4CvcKIeU9TTWu8hHXGgprfhS5ripqnm9eyHlwr1MF58ZRdtizlAfazjWk7zCUdqE1X4DfxhWMkTAFAC02vJiTrG881z7g2FuG6TuKyNgfcFPeTH/Nr7MPv4axBQ5ss7GcCJCat7B4DnAniGS3K7lQMZv6Br+GfahxtbHZporJULxm99KgH9egA8D+RSVD6OgL+ol7Q0nQN/L45m/28HcPzAQCS09GuOiWdL94LXTfe+L3Ps9Wb6XJqAngLg5TvQo9iDHOT/hKDnrMaPhVyTvyi2kIrLc4pcpxe3lh4uu4DYVyzWopEFo7G0iN2YCJdngMYkDwbAkI4vDimnSnFaq92zAFCEPlXK4OdPImPGdXxcHLfW4iqMy/Pp49JSj08DOF92Ec81jIX2LVmuLBUORONd8I5935IElCGtzohAYYDz3w6GANeH35kBDEVTXxl+xpiV5sbSIhHI2WsST7qXGJGrYfDgudkhP097Ebf0SjfM9hFQSisYnNuXDwRDsRzM16zrA5jXPrve5SPVYnVNLPaNHes/Y6I4RDw/FHJvzhHTdgpO3oed/Sx5z06Zt9qmIUAjV57PVy6xseQcKHI5xs2NuprzAbwBAPWbvpgFmxdp+vBYtS+hNMjq1IrFtrXictoDY1eUJiOgLUZx2iXC5YX5A0HXHaNfEp2mzg7m9UJOhFaiJKIU5ZHDqumDuxU3llj/SYxoG/GRADfx4zmJxbatcZ7+dFgEMP6MwfD5f5W+EeD5oySJTAolfrO/jIY4iO8H8CoA1w5g6fUg/tAxoAIDK7DQrJ3m7b2VmHjy9cwLdqoPq10++/SbdtHW0LPWxv06AEeFTj13SWJPv1ArvEyPDP9pkZP2uMRps+aar8WK5tg5QQdq7+HU/h4J4J2uEz6uT91DPFvlPD0OssSdeiraak/DNT6AqYIhQ3dLmZMD9a9jjkUi+LyRl5gdupgY/CaAp4U5/xaAb2kL29HZDImfapi386K+CsCdgkh4F3djHHyLL3YL+EAQzc0m1hHzd3/s8phSV04utMXikzXzoudHR+I2R9kKAY1tI+zBMXQOiGOL5zjeX3//tSj5meM8brFPnkF+w2SAeI/ezoZhLgJ6SfDvNEBTXsdebxBzSj0bEQ2Z3Ne6AOzBMeZwbvjVINq1P5IhIsD9v9ANxAuVhW5PLHNxdFPWFnOdtcTz++a0VQL6RABvCdIZ6pt8aVGKMrRHXizds9ppyjfRe1s+ho3r5IPo/zEocxBQn5GdAKbqq+zFxlc7iamfbK860Fi3U1P0ZJik+HaajrS1QPI8H0N6vHcDONp9ffcFcI6TQrRmMMNHEvX83jDMgljMeYnQop3cG4sXe8455hx902CQPq0sNCai/jO+R/i7XoinYWQGcinf6By4qs9yBHgvkYDynt0pQapJQO3Qm1k9leZPDiLGlGWY8dCQ31SP/m5DYttaohwjzCTIvLzHDBSMU23RmCEmAhTPWnAAnhsT1zInLGOl+p+lnKu568TuF0tellsxIiJmlm2JZ5mJqF8TYmDb/vXIxZl6QgFC5v4K6/VvqfBM/bLX7awmAfU5/P41hOe7NHFd3m9qSLzp3Vh6cEweiqpSU+w4ZKm8D2ojoK1lYuGc/bnhPHnZ3GLhFgp137xMvbsL61EcvWYZyv6x9NncCgH1ltg0HqKtxEPd5i6Na61zZQ//FmNQ11rjlvrhvcMHMc/boMg2XmwtAhpb29Khm47dqcUu+KEgAOyjJz/QIc6zZgSgXYZWKQS01n6n7mtKvZiA+vyJtNSmhSa5Ty/WpRX3M1M6n6mOd0+xIWpJF3Km7AkoCQ/FuD2WfWeALm8MU9hjsQAmDA5joUh7XMfW58zHMAknVVzcs2S/4hoX6gmBYpt47asAvCkDcc+t7bqEvEl466KcG0POTYOAooDYfy0DnttVtQ8yVXRrjQ2/GvtdOvdd7bwhDA1HLHgG6/+FE+15R/vLATyq9kQS+4tFtmxWyygscQq3VttCMHnGrmYKs6HCTD0PygWlofo+p3GLBnwNQbXaVMh10jiRzJsZDCVPpsaF6nVYJWJKr9/cJWL0BLRkjGRAJlZkhCHK0H2p9eFMuSwpx79zo6nCfDQdivyZnceK56rGQv5N3LrR5qYb8ftby5d3dPAdFbaQzmxI3WHLzZVkleI4Zzs7t70ZQM2JSQt9k+sk4eQ3RKYsSWQbT3wqAaVl5Jmh0xLC5rO379Nz9EBAPSEwnP8AwJMqnBZuNomzRbTxOsKU7s3IKI6Rm9J27jp/BeDRYZCbg08r/xtz7r8X9Or8HTmWJXO+Donla8QvnortFghoHPbOMHkJgB930YimYrVWe4tIVHI/rjXnrY9rVvNk2Cb5aU8loFcGZf8/hyTYQ9GF9m2G5z73WYi2TkCHXtG79Lklh9PWz0ADHCs3HBw/4puCjL9k/DnbUFf+hQMDxHpjr+8jR03OPheHknXwlcqxfSndh5Lx97WZIpWoPZfS/oailfGsMkfw1ChdpXOq2c6+3SWts2vOf2t92fdc5QFcSkCp7+QFZy4rtJhjRJyc4l+eY1Z2Pq7kGsYa+9YVhyFjXT4k6LtYo5i/Z67e049NMVKrH7DXgfo5x3pFrypgvdKzm7on5PY5NxoM+dJCwmabz1YJaGt+vqlnZqieGUC2mMx+yrp6a+ut5sfoTfLaSi8h/2pkbNufTB7xtoqp3CdbmNsG/11Lp1gw5cEmQ6Lb1OARY3MwoyHWm2Ko0jIBjUM+GiaxPjzm8kvP7hjm/D0/NhJPbxHMn1f78FImkVBnC24s8cOIy671/SRAOHsVv0dzntnZF9LxAKaCIf5kSGKJUvHSSjbUW5bxdcVk1/+ZOYNU3ad16w1IWiKgQ5f/iwBQfzO1eIIxVX/SMgFlRp44OcCQ+DuOlzqXUUYcVcj2sUXr7y3oQL0LC7G+DMAXTP14GmrvfdxbDGTSEFTVp+LDa85i8JdLQBlt6M1B7znFmd0HEE9x7vcEtJVwdCRwP+HE2Nx96vPIkU/V3fgHRg0f0pYJaHyB7uL0Yg506qNi6GvdlbB5jrFq3BZbEOF6IzJi0irWpfu1hT0qXfua7bzIlncoH5vVbSZyCajXV5VyAP5FlqrP9AQ0d85zbeIQ91mDO/YWtzX0bXyF0SijJx3o0LmIrTVLz9+u8+C5OatTM3bxHOdwC5dz7J5U4xuaA+vSPu37Y/vU+650LLX7OALPD2JaYj/rgyyHGPmP9bwQbqtkw8aiDg31aR9ZzaAEJXO3Ngx0zsg4vtTYKC8+rGIlFlxfeiOgQ/remIDWjLwzZGk7i8hnyqEbaNs7AT0LwNluXdcDuGdljFrozu6vGndEC+tpeQ4W6GSRx28OAX0bgOODhelpIbF1LpDeKCaHg2gtqwH1nN5wqobolq8l+nqSUJB4kpjWEDkY4WmVA41FeDxTu3RFTLpMq2eWWgR0yAqY+FNSsjeQdO7hn6F+70ZEccaVrRIYU1m1ZoQ2w5FcrUsvsl3s+00loN5wiMET+HLMLV40+fcAGMIrpXgRSA19YMqYY3VisVNu+MK4/7k3v2Ud6JAf6K5z6SM91RD1MQVZ7KbSio/n2Bnk73snoIwR+4lhoTREvEvKojusYx4HJKS04VCpi4CPTb0ojUgloGboMSUtjw8In+OS4QloC5aQ1GOc6/afIoMXTDgPXB8vcorjKHbg37U5nxQCahZrJObEOTmg8oS1sylFeP5Bts9fzhOMKQR0KJMK50IunbrQsfRwE5dcrbl3J8uR6FSbwMSOfICUFwP4oYn9tdrczq2ystTfIR+benEJRgoBJbH7/bBuphmi/jO3eAON3Ag9Xve1OEDRQklk+JiweKiWqzIXD1/fHhZzEU+OlUJAvXh9ykMpF4vYGGvfC9KLzku5/qGYtpzzoi/XXJB21O9dB/rAkCSd6cx+oxImLXbjDSdTvA5aXENrc/K+2pa7c2fi67kmn0JALwDwHQCY45MZMK7LnIwX3bJp7kvZE9DctplTHa0eW2rSf/Hi0Va7K3jiyY9sqvvLrpFIQMfERz5YxZLEJEcP5vWVJY8pEhz2EccELulrwrZXa9o7Aa0GROMd+TtsiuSk8WUuNj0vsq1lbFk0+TECeiQAvg4Zuu9XATy7YBQvui0xjvEi3LUPH/NSWtq2qdFSPOeVI9Iu2IJbONB9olHPfbL/JV/JTH3nA+7vw8I/YE4HwJBvqWXIx3O1l2vqpEfqbSGQQiUomu/G7CbkyjJtq7zF/Gz+nalTHCOg/gMtIV4xx1ZyeDwBXTOIgid4vPQpQiwttUL0pY7Pj3eX6Nzjy/5K9ih1HkP1bgBwd/eLfcTbc1yM9kSRbkqJHwhss4iZe8rkJtTp3YhowtK7a2r6Xlnilm1dHF6zBXuYvQG5eakxcTEnXhIIORbd5uo+DWYv/lgrFJZP+stUWnxM0GetpJS68pSMZW1IQHcZMPhLuERCMGVebPthZ305FoS/JLzhUMALrpOPu7lE5lMxSW3vjYimSkRSx1S9MgQsKcSS6pGymbbXyqtempIa7eNA/WX1dc6QKBVeb2HHNqViSk9Axzjm1Lnl1CMO1NOZ6LbUkIpj2kfEf/+0y6WaM5+SursIKLlPiuj595Q9KpmTtfFuLGOvylwCehEAumD5spiP2BRQEtt697Kp+vjEIVWtEAGTxl0D4H6FfRxiMx9ViIwccaztpVCM6z6CZE7r5LiYrzEnYHz86i/hYG1RPi7sGgTUx2rlhXxiIdqeeC79Ct1FQP0+TdmjQkhuaUZLzKcHEfOYFZ2f71gsZq97t/nVCI04Za212z4HALMBseTqhGvPRf3tR0AGX3knJE4nuLq+c2j6uwiSF1nm+jkOJZcu0Z/afH1/SxNQn6qMD4mH5Z2BW2v7y5yEilZkS/oa7iKg3vK2VEJQCElRM69T3+dCNEQ8t6h78rloaSFPlYtKuwi8CsDJDaZkbA2xOCNSs1byuwiSf+nnJMuO9Z7cmDGx3NjmmQ/Vkr6JnJPXL/H/JcQ7fkXN6eu5D8ebwy/v5Cp5Xexa3OfY3se/9wR010flOX1rv6S4PHdNU+p7DnRtF68p6ziUtuaypb3avePeZ7b5eNRjIdNyRZax3rNGWDS7NJeO5epFt6UvoBiPtT4cM6H3+90b98lPzksjhgIpDBkMrYX5EkTBr/elAM5YYlCNUYyA7df5IZZzcUcbbBgzG83pO4cwHyKg/pKiuOHViZsVv/xrcVvGKS1JQD0GzLryuYkYWDUfns9+tqYIkf6r/GMiaM/J9cJ9xgQ0Vgv4lyvrNmWtl3l+UqvnGlWl9qt68yDwXAA/H/IGHzfPEF32Ggc4odSSj40ayTRmBWSIgNor6d8APDpRVzek96z18rf5LGl44yPenATgDRm7EL+k2LQGJ54xhdtVpfUwiSetXe2jpTj8/qFWD7pPW9AuoxnqTCgxMGti1l/an7V0f6a2ox70swFQJ6zSNgI0mLs6ZLS6b9tTXWx2DIxAJonfbneP3iECegmAxwC4MITwG0NyDr2nH9M42yU5uP8C8Cnh8UDf09QSx8o1TogX/JJGQ36+sRGW5z6X5OpTMdxXbyhwgE8DZ22n6t1rzFV9CIEYAe+Sd+hGX8SCBqqWDalL97KYgPoNpj6FepWxEls8lgZM2DWO6RFL9ZBj849/7y9piq8pxk4pQ8ST7aZYIKeMO1bniQDe7DKze93n2nMbm3v8e0/8LXBArGdu0tw9d6Gqv1kEKI16OIBnAqBV7iGWbkW28WbFBNRbnqa8kF4G4Ltcp3O8IpYmoAwsYMHGUy1vWZ8ixDhIeQviUSM6dMn5XwB0TGZZUiRe65KI05lR9EMRu5Xaj7da81Y/QsAQMONE+jxTzXVIhUyGiWy57u5EtmME1HKr0Z+MBHRfiY02WHcOgmH6ulo61X1r8v6vqQd8KEg5x1iKYx77AO2DpQj8Wa7yWmERx+a77/feMppctQ9Cv2pWhimLUtuDQsAegVPjafcGWuzb2Vvu3UG8Yw7LuK8x4hGDwc7n0juZC8YS4sYzAZwTkHoCgLeOnNKhIOVssqS+duxDMt8z+oKaH2grxH1s7vHvrwRAv2SKob3BUPP+YrkLVf3NIuDVEA8C8J7NrvS2hflwfC0xF5Oh9wSUweNJQO8K4JcBnLand8YiPNb9fiys2pSJLklAjdgwUPwxAG7aM3E+MjxHZ1VbI04+1izn2JPbioffrImHtmQOyceUM6u2QmAXAjzHdI1j1qElpGpr7gRVWq8FQIaLZStJHG7F1BNQclxvCb/Zx+3F/p5zZvDwqbbmzlHJ/nmwecD3hYnjYaCom6LbuLT4QdgDxA4w572WRfCUj3nIVWpzH+QUgNS2GwTeCOAEABcA+M5uZp030Zjr7Ma3M2eZnoCa7yMvVzrcf2SgoyG955yi1aXj4Bqx2cVFcv0knrGxUMu5JS0B7Y0AvrylTAY5BzXUvcIFg5hLZVAwLTURAlkIeGPNVEPFrAFWrDzknkK971iiiBWnXD603zzTL/GSopl1XIb8PecWV65FQOMQhrH1mMemi5BT5UekuZZM4fW2HqKUNIecJtQKAncJeXA5nxalVqU4keukhNIKbUFoJ9J8RKHSBXsCagZEQ9lXhnwcl/C3MwK6Kxl06bp3tfPiTsPmPiEXKqMyxWXzB6Q2wOpPCAiBWxAwiR8fg4/rHBMyV1yPqbValshVhdqIhOf0hgyCYoMZAkTQ5n5ZmMiYXN4PAmDS4FOrInD7ziwKk/2UWDD8FomoL937L82IoboWAkJgHIGt5AeNdZ09+peP79aOGkZAfV7B2IVlyFXjEQvp0uyQXRrCC3IZ+wx8ioFwDa8DcNSejiSyrYGy+hACQoBp9l4I4DwAz+sMjtiYkgZ9pBWMTHcwxQjokwFcHFZNDo/pdljmDBKfArKNz2TW9P9j4UHjgZurUMd2thuP49Bth/Fx+bigq8vcnPdca1O/QkAItIPANwF4TZjO/QBc087Uds6E6jzjOq3SwaqyjID67CPGgVJ8yp97h/Wl2XMjoDcAuEc4YDxoSxSOzT80KGJkJhUhIASEQG0ELgtR33LibteeQ2p/cQxbSuPIdVLVdZDFCKiPMXpuCHIcp4dawwHfCChjuN4RgAUQP8jN0qKFgBDYHAKMfMYIaAze8u1OEtjSQmnvQnc4RlFioQ0IrW3556ClcUZAKbI8K4DD4PCMROTLWnFGfXYYinEtIXRLh0tzEQJCQAhMQYCiWxoqtqgLjX3fGcOWXCfVWgdfhjhQBlA40iGzFvG0KZhrCTljKtxVhIAQEAJbQsAHVpjbtz4Vt9hIiFwnJZXezzO1r83WMwL6fgD3GlglQVszGTSn9OvBT+q5jYo3Nns4tDAhIAQWQ8DicHPAtVVVlpXLFn+wRkJju08C6sWkvv7anOfY3PV7ISAEhMBWEKC/+dVhMdcCeMYKxjmxuHaO/M5b2a9b1kECOuSqQoMh/vygFcSb2mktRggIgdYR4J1LTpQJLWjzwTjjNC6auwyJaymqpchWZQ8CJsK1MH6sKnZdR6EoZCkAAAE2SURBVEYICAEhsA4C3iPiqsDIzElEKa6lda25K24i0fVSW+dj4X4zAIay6zHV1VJ4aRwhIASEwNwI/AKA08Mgc+hDSSyZy/jHQv5nDnWQkYSmbuTWUulMxUPthYAQEAJrI3Dn4ItPnSTLcQDeUWFStHdhFCHPcf4HgAuDa0qFIQ6rCxHQw9pvrVYICIF+ELAUk4z//RIXEY0cZIp9CusdGzwpSDSp6/RFcb0nngUR0IkAqrkQEAJCYCYEvD6UQ3wUwBE7xooJqg/BGjeRuLbShomAVgJS3QgBISAEZkDg5QBOqdQvCaeF4KvU5WF3IwJ62Puv1QsBIdA+AicCeBmATwfwSRnTZSAcGoUy2DuThCj8XgZ4KVVFQFNQUh0hIASEQDsImHjW/x2LbEksU/Sk7ayqw5n8H63A+AMw9Ag/AAAAAElFTkSuQmCC', null);
INSERT INTO `valveinfo` VALUES ('FD/L-2019-000012', '深圳市御材科技有限公司', '深圳市龙岗区长发中路19号奥雅大厦504号', '黄鹏', '15574388888', '11011206', '双效浓缩IV蒸汽管道', '弹簧直载式', 'A4K8-16C', '1Mpa', '水', '1Mpa', 'ISG ZF001-2006', '1Mpa', '1Mpa', '离线校验', '压缩空气', '合格', 'w12', '未修理', null, null);
INSERT INTO `valveinfo` VALUES ('FD/L-2019-000013', '深圳市御材科技有限公司', '深圳市龙岗区长发中路19号奥雅大厦504号', '黄鹏', '15574388888', '11011206', '双效浓缩IV蒸汽管道', '弹簧直载式', 'A4K8-16C', '1Mpa', '水', '1Mpa', 'ISG ZF001-2006', '1Mpa', '0.76Mpa', '离线校验', '压缩空气', '不合格', 'w1', '解体、清洗、校验 研磨阀芯 ', null, null);
INSERT INTO `valveinfo` VALUES ('FD/L-2019-000014', '深圳市御材科技有限公司', '深圳市龙岗区长发中路19号奥雅大厦504号', '黄鹏', '15574388888', '11011206', '双效浓缩IV蒸汽管道', '弹簧直载式', 'A4K8-16C', '1Mpa', '水', '1Mpa', 'ISG ZF001-2006', '0.78Mpa', '0.76Mpa', '离线校验', '压缩空气', '不合格', 'w13', '未修理', null, null);
INSERT INTO `valveinfo` VALUES ('FD/L-2019-000015', '广西南宁国发锅炉有限公司', '广西南宁横县马岭镇城南街', '陆光辉', '0771-7420998', '11011206', '双效浓缩IV蒸汽管道', '弹簧直载式', 'A4K8-16C', '0.15Mpa', '水', '0.15Mpa', 'ISG ZF001-2006', '0.7Mpa', '0.6Mpa', '离线校验', '压缩空气', '不合格', 'w大V是大V是大V是的', '解体、清洗、校验 更换弹簧 ', null, null);
INSERT INTO `valveinfo` VALUES ('FD/L-2019-000016', '广西南宁国发锅炉有限公司', '广西南宁横县马岭镇城南街', '陆光辉', '0771-7420998', '11011206', '双效浓缩IV蒸汽管道', '弹簧直载式', 'A4K8-16C', '0.15Mpa', '水', '0.15Mpa', 'ISG ZF001-2006', '0.7Mpa', '0.6Mpa', '离线校验', '压缩空气', '不合格', 'w大V是大V是大V是的', '研磨阀芯 更换弹簧 更换阀芯 ', null, null);
INSERT INTO `valveinfo` VALUES ('FD/L-2019-000017', '广西南宁国发锅炉有限公司', '广西南宁横县马岭镇城南街', '陆光辉', '0771-7420998', '11011206', '双效浓缩IV蒸汽管道', '弹簧直载式', 'A4K8-16C', '0.15Mpa', '水', '0.15Mpa', 'ISG ZF001-2006', '0.7Mpa', '0.6Mpa', '离线校验', '压缩空气', '不合格', 'w大V是大V是大V是的', '解体、清洗、校验 研磨阀座 更换弹簧 更换阀芯 ', null, null);
INSERT INTO `valveinfo` VALUES ('FD/L-2019-000018', '广西西江锅炉制造有限公司 ', '广西梧州市龙圩镇西南大道359号', '余思远', '15580774058', '11011206', '双效浓缩IV蒸汽管道', '弹簧直载式', 'A4K8-16C', '0.15Mpa', '水', '0.15Mpa', 'ISG ZF001-2006', '0.7Mpa', '0.6Mpa', '离线校验', '压缩空气', '不合格', '无', '解体、清洗、校验 更换弹簧 ', null, null);
INSERT INTO `valveinfo` VALUES ('FD/L-2019-000019', '广西南宁国发锅炉有限公司', '广西南宁横县马岭镇城南街', '陆光辉', '0771-7420998', '11011206', '双效浓缩IV蒸汽管道', '弹簧直载式', 'A4K8-16C', '0.15Mpa', '水', '0.15Mpa', 'ISG ZF001-2006', '0.15Mpa', '0.6Mpa', '离线校验', '压缩空气', '不合格', '无', '解体、清洗、校验 研磨阀芯 ', null, null);
INSERT INTO `valveinfo` VALUES ('FD/L-2019-000020', '广西南宁国发锅炉有限公司', '广西南宁横县马岭镇城南街', '陆光辉', '0771-7420998', '11011206', 'asf', '弹簧直载式', 'A4K8-16C', '12Mpa', '水', '0.15Mpa', 'ISG ZF001-2006', '0.7Mpa', '0.6Mpa', '离线校验', '压缩空气', '不合格', 'w大V是大V是大V是的', '解体、清洗、校验 研磨阀芯 ', null, null);
INSERT INTO `valveinfo` VALUES ('FD/L-2019-000021', '广西南宁国发锅炉有限公司', '广西南宁横县马岭镇城南街', '陆光辉', '0771-7420998', '11011206', '双效浓缩IV蒸汽管道', '弹簧直载式', 'A4K8-16C', '0.15Mpa', '水', '0.15Mpa', 'ISG ZF001-2006', '0.7Mpa', '0.6Mpa', '离线校验', '压缩空气', '不合格', 'w大V是大V是大V是的', '解体、清洗、校验 研磨阀芯 ', null, null);
INSERT INTO `valveinfo` VALUES ('FD/L-2019-000022', '广西南宁国发锅炉有限公司', '广西南宁横县马岭镇城南街', '陆光辉', '0771-7420998', '11011206', '双效浓缩IV蒸汽管道', '弹簧直载式', 'A4K8-16C', '0.15Mpa', '水', '0.15Mpa', 'ISG ZF001-2006', '0.7Mpa', '0.15Mpa', '离线校验', '压缩空气', '合格', 'w大V是大V是大V是的', '解体、清洗、校验 研磨阀芯 ', null, null);
INSERT INTO `valveinfo` VALUES ('FD/L-2019-000023', '广西南宁国发锅炉有限公司', '广西南宁横县马岭镇城南街', '陆光辉', '0771-7420998', '11011206', '双效浓缩IV蒸汽管道', '弹簧直载式', 'A4K8-16C', '0.15Mpa', '水', '0.15Mpa', 'ISG ZF001-2006', '0.7Mpa', '0.6Mpa', '离线校验', '压缩空气', '不合格', 'w大V是大V是大V是的', '研磨阀芯 更换阀芯 ', null, null);
INSERT INTO `valveinfo` VALUES ('FD/L-2019-000024', '广西南宁国发锅炉有限公司', '广西南宁横县马岭镇城南街', '陆光辉', '0771-7420998', '11011206', '双效浓缩IV蒸汽管道', '弹簧直载式', 'A4K8-16C', '0.15Mpa', '水', '0.15Mpa', 'ISG ZF001-2006', '0.7Mpa', '0.6Mpa', '离线校验', '压缩空气', '不合格', 'w大V是大V是大V是的', '解体、清洗、校验 研磨阀芯 更换弹簧 ', null, null);
INSERT INTO `valveinfo` VALUES ('FD/L-2019-000025', '深圳市御材科技有限公司', '深圳市龙岗区长发中路19号奥雅大厦504号', '黄鹏', '15574388888', '11011206', '双效浓缩IV蒸汽管道', '弹簧直载式', 'A4K8-16C', '1Mpa', '水', '1Mpa', 'ISG ZF001-2006', '1Mpa', '1Mpa', '离线校验', '压缩空气', '合格', 'w1', '解体、清洗、校验 研磨阀芯 ', 'data:image/png;base64,iVBORw0KGgoAAAANSUhEUgAAAc8AAACdCAYAAADSSfNjAAAd1klEQVR4Xu2dC8w2RXXH/7Y2GFMvKCq2mq9UEIEWSkDw1tDaYKoF8QaWVAMSA1VBEKXYppaakmoRSoFIADVI8BawRcW02jZFjddYg6aCYChSQwuI+tmLKTW2Nn+ZQ8833ed5dveZ2Z2Z/U/y5X2/992dPfObeZ//zsyZcx4ElaUR+DkA/HcTgHuX1ni1VwREQARSEHhQikpURzUEjgVwTbD2dgCHAPheNdbLUBEQAREohIDEs5COmMCMnwbwNQBPcM/6BIBfneDZeoQIiIAINEVA4tlUd65tzB8COAfA3QDuAXBQuPp1AP5sORjUUhEQARHYnoDEc3uGNdSwB4CrAfw6gDMB3ADgxmA4l20PBnBHDQ2RjSIgAiJQAgGJZwm9kN+G1wK4KDzG+txmovzxhwC8ML8ZeoIIiIAItEFA4tlGP25qBWeavwLgzQAomiyPBPBlADvC//fS7HMTRv1eBERABO4nIPFsfyTsH46lcFn2SAC3uSafAeDC8P+rAJzYPg61UAREQAS2JyDx3J5h6TWcB+AsAFcAOKXDWIqqzT5319GV0rtT9omACJRAwIsnD85fF5bzuP/FJT2VugnweMplAH4LwD7RrNNaxtnmleE/8rytu79lvQiIwEQEvHh6B5JXAHj3RDboMfkIvB7A+aEv2addhXufO8Mv+MJEz1sVERABERCBNQS8ePoZiMSz/mHDlYRvhGasWp7/avg990GPCd/Lcaj+vlcLREAEMhNYJZ5ctuXxBZV6CTB60BEAzgXwpo5m+JWGDzvx1NJtvX0uy0VABCYi4MXTe15q5jlRB2R6jPXlPwH4pTVOQDzCwsL+tlnqJ8OxlkymqVoREAERqJ/AKvHU7KPevvV7mENWELjfaSH75IVdb//LchEQgQkISDwngDzxI2y5lkuxLxjwbMa3PT1cz2DxrEdFBERABESgg4DEs61hYU5f/xqWa4fEq6XQ8qgSi49E1BYhtUYEREAEEhBYdVRFH54J4E5cBZdruW/Jr2OW3b13rvY9J+48PU4ERKAuAhLPuvprnbU8l3sCgK+EWeeYlvloQ9r3HENQ94iACCyCgMSzjW5m0HfznGWQg7HRoXg8yc57blNPG1TVChEQARFYQUDi2cbQME/ZbZfbFWWqjfGgVoiACGQmIPHMDHiC6r2TEPc7tyneaYj5P3leVEUEREAERCAiIPGse0h4J6EUgS0YUOHGgEROQ3WPDVkvAiKQkYDEMyPcCaq2ZdZtnIRiM3/kfiCnoQk6UY8QARGoj4D/cPSH5LVkV35f+llnSuceC7JAAkMiFOUmRqeowwA81OUf/QGALwHg13sAHB5+x7CEjwDwtZDHNLdtql8ERGBhBLx42lEHIrgKAPfSVMolYC87qfvKv0SNOS+aktj+AI4LAe4pnmMKk4D/lRIdjEGne0SgegLciuJEw1bUeJ6d/3zxviL8nf3/e+F7/p9aya88zseEG3t58fTHFIaGdquecGUNYAdzb5L9R1EZezSlq9k+QcBc+55s08sBnJSoX+4EcHIQ0URVqhoREIGZCJj4UcwojjsA7B5s4e/4M/tMNCGk6K2KuEaRtH+sht/bV97vf2dNvsOLp1+um+tDc6a+qO6xJnCpZ50E4c+MctDYoMwNiYP+OQCOT5DV5esAnhwZzPHNmL0qIiAC5RGgSJlQUfz4eWAixpjbnNCxmDCaOPI6iiKvta+TtE7iOQnm5A+xJYhcDj3eaWiK5NhMyn3AGkoWpP67ACiMt4Zr+cdib6E3AdgJ4PsA7gJwrPtnVf8tgCOT94YqFAERWEeAgsdiS6I2G7S/Xb6w82/cr6Dxb5v/t6XS4ghLPIvrko0G2d70WwH87sarx13AGLk2sM8EcOG4anrd5QMz+BsY8OH64BDUq6KOiyig10Q/f56Wb8fi1H0isAsB2z+kc559z6+mKzZ75KyQQmjLpvw+XiqtDq0Xz38A8AuhBfz+wOpa077Bdg5zTNaUIXQ+AuDocMMU+9+cebK8EwBnkH8zxNgN18YCytnp+wG8JuEzVJUItEaAMz7m9/WiaEurXI0y8bMZItvP2SOvMXFsjcku7fHiSRh8g2Dhh/O20WqaBjdT48ypK8dep2+SRS3iz/jHwT+WmsspAC6LGnApgLetcSKoub2yXQT6EOByKT/zbY/RhJJ+DiaANmO0/cSUzol9bCz2Gi+efp+LBufaTysWRuGGeUee3PuQPtIQsfCPyTbvC8e00ryuJdzPAThPx1hq7VLZ3YOAHdXg8QoTRzsXbk42FEQTyyE5gHs8vt1LvED6dFQtzDZa6zXzhs496zRu/mWKXqrmtFMzVx5XuTxqAI+xMKYvgy2oiECNBLhKSGHkC7Z9bz4Lfr/RllhrfxEuoo9WLdtOeUShCBCFG5Eq5diQZvqjS9tmaxny3NzXUijPjbx76cG7b+4Hq34R2JKACSNnkVwN8ltrfhbJx2h5dUvYm27XnucmQmX83lKOTeG8Yy32kYamfO4UxPcG8MfhKIs9j05KPGeqIgJzE7ClVtrBF2fOIr0Y2mxSAjljT2nPc0b4PR/t04RNuXzqn9viMj4/kM5xYSi5TP1SANf27BddJgLbErDzj5xBMhAAg9OYYPLllX935r267bN0f2ICWrZNDDRDdbZ8ymDncUzGDI97oEo+i+c9rbTgNBTz4gz0UwAeH35B4eSHGIMsqIhACgJ2vMPCxrFOCyvHmaP5EqwLH5fCDtWRmMAqhyE+Rt62iWGPqM7vdabI1znUBH98qaQMK0Pbse76lwG42l3Q0v5uSk6qazMBziTtbCQ94i06jp2JpFBOGkJus8m6YiyBVTNPiedYomnvs2hCPHfrYz2mfcrq2lp1GopbfKVbvr0dwFMBMBSgigh0EbBzkRRKHvuwsHM8h02hNJHUsY+Gx4/Es9zO9cumc82GfOi81pMF+KM5DEfIsIQqyyZgGTv4latANpukOJpI6nzkQsdIK8u2Flm/pW70+VXn2m9s3WnIj5c4xq62LVr6a1rfFtuD5EySQmkzS/oZmEiaYMrDdTnjYm1LaxbP2FuS8XgvAvCuBvqWf8x01uHXqYIirFqeYt5QK3OJ+FRd6rO7cC/0vVM9WM+ZjIDFbOVM0kSSX78SjoNYtJ1FxGedjHqDD/LiaWcJrZmlv3n/PYBDOvqkhbyNPiG1hdKaa/h5p6Epj8rM0V4/+2xhHM3BsKRnUigZUMBmkyaW3IKwaDve47Uk22VL4QRqFE++MfKA+9Md23sBPMb9v/Y9KwuVyLdhOws211DyL1WvA8DzZ62W/UNWl1peIFvthzHt8tF3bI+Sq1N+RhnnjBzzHN0jAj8msCqfZ/y7knD52QHP5f0egNsAxHtWuYOn52Li9xnnOJ4St8tHGppzCTkX77jeb7kXsdZn2lMxzfEcCqMFO+ffDAWTe5Q2k9SMMgd11fkAgdrEkwmgz3b9Fy8tf9bNSCmm9FKtrdjxkFLSwvkl5NY9bjlWLgFwahg0c3k51zZmp7CXQmn7lPzKv30TSB0NmaIH9IxdCKwSz9ICwz8KwAXuLB5TST2joy99UIGSZ8+rhmEJx1Ni2zzTFsP0xe19IoBvhh/yw5l7zirTErA9ymPCGUr+ny9u5sxjYjmtVXqaCKyYufmjEVOHglvXKYeHfIt7houYOurQNTf483q/AeAvK+pxW3rmrJMfGCUcso7D9JXuSJaiu78DgC9sPwSwTyH9kKJdpdZBkbR9Sr/8yvFPoWwhHV6p7GXXSAL+g7DEA/HxMi2PobxyQ1tvCMs7vKwmj0k6POwMbSttb9G/kMzt/TtyqA+67Y0A3hLuaN1JahCYBBd7z1fuVbL4GaWOiCSArCryEyhVPOPlV5I4BcAVPZD4hMcMtfakHveUcElJx1NiHj5M3xKcaPxsW0u34/86LLWWHRFh0H2exbYg6GRbwurK+BbqzsUSWCWec+ZvPBbANa5HuL9Jj9q+SzdHAbje3f8aAJdW0MNz5Ozsi8Uv6S9lJuaP6NTqud23f1Ndx+VXrkxYxB5+5djxYpnqWapHBGYl4MXzRAAMkM0yx7Ih9zZfHyUo5h8ebekrnLSd6aX+xVH9GIDnzkp588N/E8D7w2UlZi/xS/pL8UD1KwFLeWHYPFLvv8Jmkvyes8kvAHhI+LnloaTToWaVfYnquuoIrBLPqT8gGfDggwB+JhC8EwBnjB8ZSdTv0bGK0p1cbJbzjwCYY7K04s+eTj025mKhpdv7yfOICGeTO4LnK8eCBR6wGSVfclVEYFEEvKj4fcYp37T9HiXhp4gOdDkA1mvlMABfLLRnvTBNyX0IDs40LMbtnEv6Q2xOce2Slm75smC5KL1TDznS+96Oh8j7NcXIUh3VE1glnlNFtomjAqWa1fwygE+53klVb44OZw5A7hWxlBp43XsCLyFQgvVzi0u3Fhjdll750mz5KNluHpMyRx4KpeWozDH2VacIVEvAi6efXeT2qGQcWi7LnuPIpX6mX7ot1WPSM59jn3nIwDWeSxLP2pduOb7i2STb5IvNKi3uK5diuV+pIgIisIaAF08/u8jtXch0W/ZHvCnowdgOjLOuPBYAA8iXVLwXa+qXh9TttOMqS4gy5NnVsHQbB0Xn3xZnlHHhrNKWXS0AgYQy9V+K6lsEgVXimXP50M8I/wLAizORjgMsHAeAgeRLKf5lpYTsKZu42PJyaaEbN9m97e9LXLq1GaXFeu3KvGNC6aP0SCi3HQ26XwQCgdgL1YQth3dqvL9Jx6BzAXw3U28w1ydnn1ZK2/f02UpKdRTyXeP7L8f4yDQMtq62BGcperxa5hALPBA3jMvp3qlHx0S27npVIAKrCUwlnqcBuNiZMcUs8OEAuDzMGKUsJYXq46yTtvErZwhcZit9VuDPAS9JPDl2LL8qv8/ddkvgzFmlzSzjv2Dbp/Tpt/Q5JwIiMCGBLvFMvSwXRwyacgbIc5M/H3h+GgC9cEsocwekGMPAH2XKvSc+xr6c9/hVghx70zazXCWWdq5S3q85e1l1i8AAAl17ninzSMbCOcWM0zefQRaODj/I5Zg0APcDl/qZTI4P4zE2bbrH79HWYvOmNvX9feogEVx69YLZNbPkHrM595S+KtGXo64TgWYIePH0bvkplqbi4O5TCyc7yQdgYMi+ny2g5zyXklK/9UFje+JLE0+y2eaoDl88eJbXlmK7jotILPuMQF0jAoUQ6DrnmWLZlkulXDK1kiJq0BhkJSZy9sdTpgpGMYZd1z12XKXE+Lup2riqHp9Zps/LJWeXFExz9PH1+iMjFE059+TuPdUvAokJ5BJPZkXhki3LnI46cSLnAwDcnJjhkOr80ifvy3kkaIhdfa+14ypLFE/vbbwqp+kJITg6BdPPLimWFEg/u+zLXNeJgAgUSKBLPLc9c/hVABQplimdg1bh9cES5nZ08R/ApUcU6uJp9tdwtCb1n1tX7Gfbu+RXOoHFs0uuMphHrGaXqXtE9YnAjAS6YttuI54+ctCcM06P1DsNzR1lyDsKrZq9zDgcNj7aAgaU8FK00dgMF9i+520AHhzNLvk4/u1wdknB5FcVERCBRgmkFE8/qyophNslAE4N/bcfgFtm6kvvsbnNC8pM5v/4sTb7uggAhbT1Ymcu2XcWQD1u88cBMGcsZ5nyim19RKh9IhAIdInnmMDfN7hYmgyBR8/aUsqfAuAyIwsjGr1pJsN89pTaHIUMme3Z1rjk3LfbzTOWgsl/XeW/AfwBgEslmH2x6joRaItAVzLsoeIZ5848FADPVJZUbLltLtHyjkspz9HOwZhHfrgU/ttzPDzjMzmzpMMPBZMCGhceK+L+ucViXuJxnYz4VbUI1EVgW/H0kXLY8jnOcm4ivofLpnIegLM33ZDh935Ju/b9Qu5ls3Rl7ciALnuVFMvT17SHs2yuGtgepr2IMaUeZ54qIiACCyTgxdM+4D+8ZrnKI+KH59UAnhB+WIqDUFc3co/xQADnAzhrhn6mNyb3xDijIbeaPS/ZDkbHoedyzYV9wvPHXS8BnGUyJF/XPqY5xc21ilEzc9kuAs0Q6BLPPs4gTGb9dneWk/ucfHu/q1Aytif7GQDPKtTGWsyyOK99AgWU2Ca+wFA046MltJWiyZdIiuaqYjPP2lcQSuwb2SQC1RDoEs8+Hwp+GZJ7YC8C8IWCW82g8M+cOWBDwXgGmWZ9X1uABzaSgknhjPc0uQ9N7+F1osn7fZo7zTwHDRtdLAJtERgjnnFezhocJ7w3cK0zplJGnu1z19DvxowOWxTNLu/ZPi+LVg/rsCM6nIGbF3cpfSM7REAEJiLghcSW49ZFj4mzpNTyAXJlmHWUdP50oi5O/hg761lLiD4L7BCD4N4+fzdk/7klx6/kA0MVisCSCHjx7BP0+3oARwVAQ97Y52Zq4kk7NPPcrjfoaHMjgNKXLTnbvC7EmvUt5r4mRXNMBCAvxH18A7YjrbtFQASKJdAlnl3LcX6vh40p2bO2C7afMcwd37bYwdDTMAuUUOrL097hONIro/ZwX5N7mhwLYyMBefEstf09u1GXiYAIbEOgj3jyA4OetJYlIkXKsm1sHnOvz+upmecYgrveQ4/TEmdexwPgcrJl9DGrGfiDomlnVMcS8OLZcpSlsXx0nwgshoAXEgtabjMziiWXO+NzcC8H8J7KCD0HAGOQatk2TcfxBYpCtCp8XZqnDKuF45TjNU40zT38VHFnfVCQvuehh7VCV4uACFRBwIsnM0EcFPYEua/5VpdazBpzAYA3VNGyXY306aS4rOcTdVfYnNlN5osW/5USZSh2ZCMgnj0+DcA9CWn54P5Dw1gmNENViYAIzE3Ai+e3ATwUwPMA8GhHXPj2TieRGou8JNP2GmedOwqKMuSTr7OldGx77UBP2j6E/EuYxLMPMV0jAo0S8OJpkVMY1J0OQr604Bwxd3D4loYQxZOrFAyUMHfZH8BNkRG5YixLPOfubT1fBAoh4MXzWwB+AsCjJ/ogmhqBAnqnI85VCGYgKcH5imEiX+2admYIiJCutf9Xkx3T4U9qzcmag4vqFIHFEeiaeXoIud7gpwbtM6u0MIueml/8vJLi28Yp8R7rsuik5uTFk3WX8PKQuo2qTwREoAeBdeL5XgAv61FHLZcwFyOXo7kf9vxajC7UzpLi21qWE0P1JAC3Z+RmKxgSz4yQVbUIlE7AxPNRAL4TGbsvgK+X3oAB9im+7QBYGy418Swh4IQXsykETeKZbhypJhGoloCJ57sAnORa8XcAfq3aVnUb7kP0MaUavYtVxhGwYAElBIf/NwAPC834dwAPH9ek3ndJPHuj0oUi0C4BE08fs5atfS6AjzXWbH9cRXtV23VuSeL5OQBPC83h6gn3t3MWOw89xSw3ZztUtwiIwBYETER4kJyOFiy1xa3t23wGfTg7XHw0gI/2vVHX/T8CFiyghJlnnCKPws7QgbmKJVBg/TXmNM3FRfWKwKIImHgy3NojQstb9UZloPB3hDaWnhGk9EFYknjG5zx55pMRsoakGhvCm9lYjgk3SDyHkNO1ItAQAYqnP/jNppUwm8iBmO38RQD/BeCKHA9YUJ02ZkoZK/Hs85IQYShHl9gxHc08c9BVnSJQCYEliWclXVKFmSaepczgmSaNL0Q+m0ou25TeroohKiNFIC8BiudbALzRPUbONHmZt1B7aeJpTP1xJP4sRwYgn5ashKM6LYwntUEEqiNAofSONGyAxLO6bpzcYKb9YnACpvviMmYp5ckh9ZylJaMj3H4AdiY00G9zSDwTglVVIlATAQqlP/8o8ayp9+azlcukFKTSxJNEmBD7agA/GfDwKMszEqLy4imHoYRgVZUI1ESA4vknAH5Hy7Y1ddvstn4TwBPD2PFL/rMbFgxgHs+LI2NOSeQo5uPbSjxL6XHZIQITE6B4+g8auvdzKUpFBNYRsKNNfPEqUTxpe1eqshTHWPzMsxRvY41WERCBiQlQPH0iYaVZmrgDKn2cieefA3hJ4W2Ij7HQXGYL+jgAhvYbU+4G8DgABwC4eUwFukcERKBuAhRPLm9x9slyS3CwqLtVsj43AYvvSu/WZ+d+WIL6DwRAod/b1XUnAOb+vHZE/Zahh1mHmH1IRQREYGEEKJ63AqCXIgvjdh68MAZq7nACNvP8IoDDht8+yx0UzrMAnBw9fUxELXOyuwzAq2ZpjR4qAiIwKwGKp4+YciqAt89qkR5eAwETzy8BOLQGg52NFE8m0PaF8Wopovzap1gdNba/T/t0jQiIwAYCdqaTCYTvA/DPIiYCPQiYePIc5Z49ri/tEkYiYgg/7lv6cgGAN/Qw1s5G19r+Hk3UJSIgAusIKCCCxscYAiae/+FyaY6pZ8574pjOZgs9cq8C8LY1ximn55w9p2eLQAEEJJ4FdEKFJrQgnsROAeX+pUUk8l3BJVl60tIbnd/fFXwD3g3g6eHCVtP3VTgkZbIITEtA4jkt71aeZuL5Py6ST61to7PcSS7Xa1c7vg+AzlEUWyv00uWRFxUREIEFEpB4LrDTEzSZwTR2hHpaGUMUxnMigVyHin4CtydgqSpEQAQqJNDKB1+F6Ks2mUeaDgotaC04+lMBnBhi5DL8XlyGeuZW3dEyXgREoJuAxFMjYwwBL56thqh7PIBDADwFwE8B2C0cZel7nGUMV90jAiJQCQGJZyUdVZiZFJAjgk1HA/hoYfbJHBEQARHISkDimRVvs5V78WTUnvObbakaJgIiIAIdBCSeGhZjCHwIwDHhRp6J5B6higiIgAgshoDEczFdnbShPOt4QqixhswqSRuvykRABERA4qkxMIaAT/P1GQDPGlOJ7hEBERCBWglIPGvtuXntPgPAhcEE5YCdty/0dBEQgRkISDxngN7AI7nHybB2LLcB2KeBNqkJIiACItCbgMSzNypd6Ai8AMB17v8aRxoeIiACiyKgD71FdXeyxsYZSTSOkqFVRSIgAjUQ0IdeDb1Uno3MQvINZxbD2DFYvIoIiIAILIKAxHMR3ZylkT6n5cEAGLJPRQREQAQWQUDiuYhuztJIL56txrfNAk6VioAI1E9A4ll/H87VgltDcmg+/xUAGDhBRQREQAQWQUDiuYhuztLIzwM4PNQs8cyCWJWKgAiUSkDiWWrPlG+Xj2/7ZgCMOqQiAiIgAosgIPFcRDdnaeT7QsJoVn49gOdneYoqFQEREIECCUg8C+yUSky6GMBpwdYbADy7ErtlpgiIgAhsTUDiuTXCxVbgQ/R9EgADJ6iIgAiIwCIISDwX0c1ZGulD9Ck4fBbEqlQERKBUAhLPUnumfLt8iD5GF2KUIRUREAERWAQBieciujlLI+MQfRpLWTCrUhEQgRIJ6AOvxF6pw6ZHAtjpTFV82zr6TVaKgAgkICDxTABxwVXcB2C30H7Ft13wQFDTRWBpBCSeS+vxtO29G8DjQpWKb5uWrWoTAREomIDEs+DOqcC0OwDsCHYqRF8FHSYTRUAE0hCQeKbhuNRaPg3gmaHxCtG31FGgdovAAglIPBfY6Qmb/AEALw31XQTgjIR1qyoREAERKJaAxLPYrqnCMKYhOyFYqihDVXSZjBQBEUhBQOKZguJy6+BM80KJ53IHgFouAkslIPFcas+nafdRIaMKa1OUoTRMVYsIiEAFBCSeFXRSwSbGgRI0ngruLJkmAiKQjoA+7NKxXGpNP3INV6CEpY4CtVsEFkZA4rmwDs/Q3P8E8JBQrwIlZACsKkVABMojIPEsr09qs+heAHsEoxUoobbek70iIAKjCEg8R2HTTY7AzQD2C/9XoAQNDREQgUUQkHguopuzNvITAI6QeGZlrMpFQAQKIyDxLKxDKjTnfQCOD3YrUEKFHSiTRUAEhhOQeA5npjt2JfD7AP4o/OjLAOhxqyICIiACTROQeDbdvZM0zgdKYJaVvSZ5qh4iAiIgAjMSkHjOCL+RRzMlGUXTisZUIx2rZoiACKwmoA86jY4UBHyghN1DqL4U9aoOERABESiSgMSzyG6pzqj7AOwWrFaghOq6TwaLgAgMJSDxHEpM13cRuAvAnhJPDQ4REIGlEJB4LqWn87bzFgD7hkcoylBe1qpdBESgAAISzwI6oQET/hrAkaEdijLUQIeqCSIgAusJSDw1QlIQuBzAyaGiiwGcnqJS1SECIiACpRKQeJbaM3XZdSyAa4LJxwG4ti7zZa0IiIAIDCPwv0KnLAkpMXbTAAAAAElFTkSuQmCC', 'data:image/png;base64,iVBORw0KGgoAAAANSUhEUgAAAksAAACACAYAAAAbDS1cAAAgAElEQVR4Xu2dCfB/VVnGHzVTEyQt9y03TLDUZFRUIhtcMNdRm9w3xFFcEnHBKc3JyhXEhRFMUVBp1FTcR2xcUVCIdJBcGExTcAu3yrE0mw+cF87//r/L/f6+dzn33OfM/Oa33XuW55zvPc993/c87+XkYgS6Q+CcVNWtu6vSNRkBI2AEjIARGBeBy43bvFuvCIG/kvSCNJ4XSuJ3FyNgBIyAETACk0fAZGnyU1jMAB4j6YTUm8dKelMxPXNHjIARMAJGwAhsgYDJ0hbg+dZdEPgjSR9Lf7mbpI8bHyNgBIyAETACNSBgslTDLJYxBpOlMubBvTACRsAIGIGOETBZ6hjQGVdnsjTjyffQjYARMAI1I2CyVPPsDjs2B3gPi7dbMwJGwAgYgYEQMFkaCOgZNOMA751PsiUXdo6d7zQCRsAI9I6AyVLvEM+mgftJOiWN9v6S3jubke98oA+RdJSkG6QqLLmwcyx9pxEwAkagNwRMlnqDdnYVX1PS99KoryXp+7NDYLMBQ5Tent1ylqT9NqvCVxsBI2AEjMAQCJgsDYHyPNrYR9KX0lD3lXTuPIa9o1Hm8V1UgMwCcgsudSOAtAYvFVa4r3uePboKETBZqnBSRxpSfhruJpL+baR+lNwsGPEVSuf09XBJR5fcafetEwRygnyepOdJekcnNbsSI2AEekfAZKl3iGfTwO9I+noarcnS4mnH7Yb7LcqfesOczeeDgWJZgixHsUVxVtPvwU4ZAZOlKc9eWX03WVo9H02i5GDustbvUL05U9Lts8aI7TvMpHko+N2OEdgZAlMlS8THEERM+WNJe0r60c4guNhdlLuMfizpXzao6y6S7i7pAkmnS/riBvfWdKnJ0u6zeSVJj5b00IZFwUSpppW/+ViwLr5O0jWyW70mNsfRdxiBwRAonSyF/gzEiMBICsSGjXmIQluQsPj6d0lXkARZYyPcv9GJX6QH4E+H6FxhbdxW0tmpT7fbkHAWNpROuoO75RWS/qBRm11vncBbRSWvlfTkbCRvlfSIKkbmQRiByhAomSw1TwyVCD1kai9JV/cb4sWxGJFId64xS5B4Ancf1LAasDy+lYK5HdRb4id5nD5dV9LbGlbHh0k6eZzuuFUjYASWIVAyWaLPY1uWvtGwLH1T0peTC/BDyfWGtSkP3LzNTF1xm5ClEyTdQ9LrJUGKp14gSZxwe4Ck31wyGLtZpj7L/fR/72SFvUqqnhewe0r6aj/NuVYjYAR2gkDpZGnZmJoxS1frMGYJl9smMUu3TASKvp4v6WY7mYgK7mnrhru5pK+l8aLLNGXNGcYcJGnZFGIlgBB686tgkfc0hMdJekNWN1ISSEq4GAEjUAgCUyVLhcB3cTdyq9JLJT2npM4N2JfcsoTAIseiF5X8Ov6/6toBu79RU4zh6cmStOzG/5H0RElv2qhmXzxXBJqyAn42z3UleNxFIuAP5HbTkqes+IGk+0g6Y7sqJ3t3W7LEAH+VjXIqZAn3GjnvsBKtO2CAyw2SZGHOyS7nwTvefIngWfKBwXvhBo2AEViIgMnSdguDXGhxSu+Nkh6/XXWTvrstWUJjBq0ZChozIQFR6uAhRliRHrMiHom+IzkBQYJM7VTGolQM3K/+EcilN2gNq+Tx/TfrFoyAEWiDgMlSG5QWX5NbRz4r6VGSSGMw19KWLD1c0lsSSMcmQb7SMAsrEgQpV1xe1E9IEgQJomSSVNpMTqs/uSvulZKeMa3uu7dGoF4ETJY2n1veAN8viWSxUYzjJaQipANWudZySYjSTojhZuNEGyRpXflEIkiOSVqHlP/fFgHkJa6fLv5oErtte6+vMwJGoEcEvMlvBi4b6V9k6Qp4uHGKpYbj75shsfvVbcnSaZLunG4vwdXAiTZUtte52WLEb5bEW/8mJya3xdb3zwMBcitGPByyKb83j2F7lEagfARMltrPEWQAfaA8uNdqzJfh11Y6AAwhJmdJ2q89/J1eyRxiRaIf9Htd+UIiSO+xq20dVP7/Fgjkit5OsrsFkL7VCHSNgMlSO0RJSfASSXtklyMc95F2t8/iqraWpSBLY2wGm7jZIEi42CBIPtU2iyU8+iBNlkafAnfACCxGwGRp/crAxUYKiytml9qitDtubcjSwZLIf0V6mKE0qQjWxs3252uO/BOoDYGDHPHdBGn9Z8NXdItA/hmaumBrt8i4NiMwMgImS8snYE9J95L09uySX0o6xEKDC0Fb54YjwzqZ1tGmuigpd1/Y4/pvc+Qf6xHkiC/HIPU4Ga66FQK4hbG8UiDr5Fh0MQJGoAAETJYWTwIb+qGSDmr8+68lPb+AeSuxC+vIEoHx4Ed5bI+EM/K0LTrRRq6/3Hrko/4lrqT59ik/KTpmTN98Z8AjNwJLEDBZ2hUY8rpxQutZDbx+KOlVPvW28nOUi+rxRpy7sXIihQWHJLoIUnZZcGFAkHC5RcG1Rj+IPYIk2XrUJeKuq2sEeEE7LlV6QSYj0HU7rs8IGIENETBZugQwVLjZbHET4S7KC7ED6AG9Y0Ns53b5MrLE39Ff4jvkBZy7Ii3UeWAWj4RQ6OUTOaINn16b2yqc9nhzyxIj8fN52vPp3leEgD+Ml2gkYU26zoJ5xSKBy8hlPQLLArzBMKw9KBKjUbRtiVNttBlSDsdkwdnb1u/7jcAYCORkyTFLY8yA2zQCSxCYM1lio315JjCZQ0QaDjb5z3vltEZgkWWJE2hHpxoIpm6jabSswQjYRhg0CFIc7++CgLUeqC80Aj0hkL9wjCGt0dOwXK0RmD4CcyVLWDiOWjB9PKBQ5I7cZdOf4eFG0CRLHNk/OzW/U/fbshxtWJEgs12584ZDyS0ZgeUIWDrAq8MIFIrA3MjSHSW9qHHK7XxJr5d0egoCLnSqiu9WHsT9h5JOzCxAm7rf4kQbViQIE4VcbMQgOWFt8UvBHdwhArl0gEMAdgiibzMCfSAwF7LEGxtE6cUNEBGbPEkSOd5ctkMgJ0tfkXTLVB251Nokpl0kHolFCoLkXGzbzY3vngYCJkvTmCf3coYIzIEsQZReI2nfbH454XYfqzR3uuJzN1xUTEwR+K/SM+L/kcg27sOKxJs1Xy5GYC4I5G44XuyOLHTg+2RivbcutI/ulhHoFIGayRIPHr5e0ECshEz3nU5iIZUdIOmTWV8QgMTatIgoQayCIEWwNteHFcmpRgqZVHdjUATIDkBIAAWtNw6glFIgSHeS9JeNtEHIqnCKz8UIVI1AzWSJNCUocUfhhNthVc/meIPDhXaqpP1SF74qiUTDTdLDkX9cDcQiRTklS1g73gjcshEYH4HcDUfi7ueO36WLT57+naT7Srpqoz/OX1fABLkLwyBQK1nipBtBxVGc+La/9QRReney4kUrfyLpg+mXsCIhIxDB2liRiENysHZ/8+Kap4dATpYemCytY44CsV4SXjdjDolJ5Bl7/Jidc9tGYEgEaiVLpCeJjdlm4v5W1CKiRGt3k7TXAisSwd6ReqS/XrlmIzBNBHJdMj5DSJmMVW6aJFT2b3QA3bTDx+qU2zUCYyFQI1kia3e8CX1Z0q3GAncG7X69IRB5mzTm72SK6AR5Y0Vy6pEZLAgPcSsEcgXvsclSM4yBgb1L0oO2GqFvNgLTQiBin8+ojSzlp0mcLqC/RYlr7Z2Z+jnikBdKOjg1+Z9J3BOS5GDt/ubBNdeFQClkiZPC72tAe7IkpFb8ea5rzXk0qxE4QtLLCCupjSwRiBhBkVgy8Pu7dIsAQfO8dUb5iaSrNZoY+6242xG7NiMwDAK8XDw9NXW7ERXqcbXhEozyWUnEIRLe4GIE5oRAWFhfWBtZIrs91iWKN+xul/R1Jb2tEchNCwRrE4eEy5O3T8qYD/puR+3ajMBwCBCjdGBq7upr9Mn67BVisPkLEMnErXnWJ+KuuzQEHppeXBCzfgc/10aW8hiam9hk3Nn6e5WkR6Wg7aj0nKS5ggWPkrtATVQ7g94VzQiBnCyN9WzOP8cBvT/PM1qEMx4qB5aIu8XCG0nfL01oPdYHsq/5MFnqFtmHS3q+pL2zaj8s6bWS3t9oKn/I2rLU7Ty4tnkgQDzQjdNQx3o2N93sl24W85gCj3KGCECSEK9G/4943Eizxdq/1KI61geyr/nA2hFpTRBRa27ofbVbW703l8SpwrtmA/tIEqdbdpw5zw1nslTbiqhrPDwUOZRQWrAyavdIbpDuJ8IJhkY+DzKnbZ4Djxu6E27PCPSMAKQoRJLDisTnDqsSe9xumSdqI0skxL1+AvnVkp7WM+C1VY+mCgGmD5Z0hTS489JpgHUCdCZLta2GOscTZOCYRhBzCaP9VerEmGSJnHTPycDglOv1SgDHfTACWyAAOSIekH2KF5EgSEjbYD0inGTly1NtZCl3w3GC485bgDunW1lInIC5t6RfzwZ+Ysrh1gaLPJGu48XaIOZrhkYgYoJKJEpgEWSJFEB5SqAhcaJdFPnzgm7aSZL+XhKpjFyMQIkIhBA1ZIifgxwFMaLPvIhgVeZrI+2/2sjSoZKOy2bRm/bqJY0VCZfZHkkzKZLawrCRYVhnTcprt2WpxMeH+wQCQQA4uRkuuNKQ4eEeR/PHzDqwTJU/8MJif1HaaNhwXIzA0Aiw1xDbx/7Od06O4lL7lKQbpbgjXozYx+Jra7d7bWSpeZLDwYm7L2MWGhsGRAmWTSzSkZJukC4Fsyfu4A3SZGnoR4bbW4cAGz8WUxT9Weus+91iEdZVMtD/88/PmGSJ4fIcxbrV1E9rQsFGRHJdnhnkguT3Zkwjbk++XIzAJgiwBonf43PB55jvvMzHCz1B2EGAIsYo1l4vn/HayNKeSTmaEx1RLNF/CRKQoxDpZFFhgmTz4BRAlG0SDuduuE01YpAmeIKkb6c4Egfmb/JY8bWLEODhijuJtYjAYuk6QTlZIgk4gaZjlzx1VNu+/Dyp+UOcYqM7U9KLElFlk6Pw/142tbYd9XWjIBCEB5dzrA86Eq4z/h/uNNYKayRIUZDxUdZObWQJ0JmAt2Sn4vjb2G9qo6zKxMIhSWwWeaQ/pAiX5e1TxwiMf+SWiTtzN0JbstQ8ptwFaRsLa7dbDgIRxE3wJlalKbiLcrLES03ol42N6v3SqVhwvGbPnYkA259KuqIkYqUobJg8X5rfF3UnJ2BYxr6Z3RvXx2Yc9eX1RDuL/sb1UT/XrQoIjmujvvidPReigMv18sl6AimI67CmBKFsjo/28vp6no5Lqw+8+AM6RNFf/h5SF/wc1+WEh7/lvzf7zGcUbHKXWf7zUGNc206NZIlBo76J2nRe7iTpjLWITP8CFmccicSnG1oRfIecQJDy0y78neSYxCFsU3ZClvJknf+bHpDRB8sPbDMb87w3tyZhmeFrKtaLnCyVKAKJu43TsmivhXWAk3Io+1P4P2RqUfqjea7G1aOGJETi8a7wyclUW1mMnAjRjyA28bmBGEGIyBVIPBB9JvYvJ5w5iYyfm3/LrUFBhroa9yD11EqWAO/Zkl6SocjpOBJBLtMJGgTwHhthkeNSw5zJAg+9CBYmBAmtlCdn7Z8v6ZkdvsHmZKnNusrjy5CTx9qVW5ocb9bjYqmw6rAm8SDHCjK1z3nuxq7hRSEIFZ/t35aEBMmXsk121RL8tWRx+Y90UW61iPtyK1OTEMfvbSxL1NckDM2+8X+sk7nVaZVlqWmByglE1M3LKZal3GK2DJPoX/59UZ/DikM9tBnxPfH7IqtU3te4rkl4Yvw59hU+QlYPqc2mNmVQUJrOCUJsylMeU953FjHHI9kocitSbsJviszx0II0gkXXJY4+t1lXkcePN9HfTXEO9CeXf7ihJFyELkZgGQKQbmKT+CxM2d1ea7qg/Bns08n+HE8WgTab2mQHl+KXeJDmDPsISa+Y8qDSeHC1QYSYQ743RbWaJOlnkt4s6Uk9jr0tWco3hqZ4KPMVGjOPkPTWHvvrqqeLQGiDsVaIx8Oa1Nb1UOKoczdcTaQi/6wTZE9SXhcjMDkEaidLTEiTNPC3qb6B8uB5dCITuBuCJOULj2tesyDAHRN4H9akvO22ZCk/ZYMQ5oeySvL5situco+U3juMBYlDC6wT3M2QpFKCobcZfE4q2h6Q2Ka9Ie8NKzJtzmHPGRJbtzUQAnNZuDyIPpql8ADeKVmYQhcp9E/YKJonfDjddlCK+4nlw5s21qShdE7akqW4bpHKOkGiEDu+XyDpVilodKCPhJspGAGIEbpJYU0t4Xh9V3DlZKkmyxL4MG+8IE35RbWreXY9E0VgLmSJ6XmqJPR8onxX0p8VHgiKFQmig8sB0oMZOw9cJeEtrqpcKynG99LGqbchligkiOBA3oyXlfzBeUjSxWpeiwo75I+yjfbTEGN2G/0jgIsKkgSh4HOAFMZUTrm1RSdPM1KbZQkMPi3pLinQ+xZtQfF1RqAUBOZElsA836hjDkp0yRGPxFtzkCQIU8Rj8DfGwTHeeyxYSJApxjTGaSA2MAjTKrIUJnmsR7de8kHI54kAbwK9XeaHQO5yCwvplOOSVs1gvuZrfC7n7vUaxze/T+fMRjzHRfvydGQ+pprN+PAB4nnaLK38DboZtMqpvqckt1SzLkjKqckK06advq7JCd2iNk5O1jz+t4qkQgghVRGYT5A3FjSXeSAAScLSgjUJPRosSVMQltxmdmonS/sk9zoY8SKISrmLEZgMAnMkS0xOU1KAv40tBBenwNgcInCbByiCYFiQ7txYVRy5J5ULgd4EdP+ggFWXq9s2u5PryNDXdWrAuebSLyT9zYCxVwVAOdsuELx9gCS0drCO1hSXtGpSw/Kyzo095YXxmWQRr03CZcpz4r63RGCuZAl4FqXaGMMlB2n4Xib5HoSD+IxmgSD9c4rbeG8Hqtstl0nry7As4YYjQLVZ2PjQhKIck6wFqyoGl3+V9FvZRcRwndi6N75wSgiEVRVBxsMkfaDCuKQ2ZImXJbCosWApxEpImfPeU+PcVj+muS9Y3ubYgHMdpidKOn7AmSf5L8SHwskvCAJE4dz0BcmIE2L8reSCqwSy1yR6PCB5UEZpG8CKwjhu0yhnSdqvZADct40RgBhwQAG3W63B221AwYKGVa1mslSr8Gab+fU1E0dg7mSJ6cPCxMN632wufQJrZwv7c+m2O2S3E39ydkZI2RBxL7Ytef447sF6dfd0qqZtHb6uPAR4QYEcsBZCL2mMQwmlIINWFAc7iFVcZFUupZ/b9OMaKbEteeQIHeCEsosRmAQCJkuXTdNXJO2dfv2+pGtNYgbL6uQinaWmKOhO8l5hebtvNtQvpo12zptrWTPfvjeQZ15OIEk16iW1R2LXK8NNXTNZYsQhSOu4pZ2uFN83CgImS7vCnuclW3W0fZTJmkCj56Q+hiRAHtTNv7bZCCI4NGBAJ4s3075VyScA+2S6GLphuGEhB7hna5UC2HRSgiyNETe5aV+3uf7FSf8Nlz2HamrTy9oGG99bMAImS7tPTi7Nz0ZMDNMPC57DkroGdhQeghRENNkgo2xz4hDXBPIJuE3zUvvmUtL87rQvzB0xa8Qn5ac9d1pfjfdBGjn5Wvt6vp+kU9IEOtyhxpVc6ZhMlnafWKwhp0m6XvrXopQclS6HrYeVW5Zwt+QkE4mDPJB+p401Y5ioZ+ig/J32fW73Md/hcmPstROBbeY3XNjoD9Usl0DWga8loLwetlkxvndQBEyWFsPNmzCbcmgBHSvpSOcoW7s2cWNSkA5oxiqRbRxL07YFEob7ppnixW+p2yLb3f15XBI/Y0mwy201vkGWuvqcdDeb3dcULnWeB4zXxQgUj4DJ0vIpam72fgtav5xzN1y4FbiL005sml2WO0o6PauQ9hbpO3XZputajwBuVywjzDfWREgSJ71cliOQW2G3cVVPBeMghsRphct+Kn13P2eKgMnS6onPdUG40oRpNV5npn+TIBe5gCibygVs8nFE0DMsgH74boJct9fmcUmQY142sBw4gHc9znMjS3G61S8469eGrygEAZOl9RPRVPpGK8QB34txizdGFLrR0InS99tyHpRvQrt+TXd5RZ7PkHpxuUGUas/l1jWG8XKxE2mNLvsyRF1htb9A0vWHaNBtGIFtETBZaodg7pJzwPdyzCJmiXXFyR5KV4Hdq2aqGZTvxLvt1vU2VzWDtyPhrbWvNkcVwmmytDluvsMIDIaAyVJ7qEla+8B0OQKJ729/62yuxMKzRyMlSZs8cF0AlGdtpz4HfHeB6u51NEkSZDhcbv20WH+tuR5Z21RAU0YlD28gztBaW1OezZn03WSp/UTvL4lTHBQrfC/GjZilGzbUz4d0KxwliaPXFMcvtV/bba4krgatJHK48bPjktqg1u6aPGZpDmTp9pJ4VjjXY7v14asKQMBkabNJwL3zsHSLY2N2xw7LEqfUrpL+NYQLrtkLtJ4iz59TKmy2vhdd3bQkcQ1rnxNvDt7eHt+oIeL95mBpyV88vQd1t4ZcU48IeKFuDm4EE/skx+7YfVoSD8LLp38dnwQjN0d5uzvyE3ImtTvDkjiaSHRLDViSON2Gy80kaWeYrroryNKQltjuR9GuxtwN1/fhj3Y98lVGYA0CJkubLxHEKf823eYP+q74cbrlutmfUEG/cHOIt74jP8GIy/TgZPLfuuIZVICbDZLEhhYkyTIA/U986JLN4ZlyA0nnSbqSpPtLQkrAxQgUjYDJ0ubTkwcSz0Ftty1CTU2qsRMRN3P8EfDtshyBSHIbKWkcuD3sakFq4TZJpLH2E4XEaPH5xHp5d0kfHRZqt2YENkfAZGlzzA6VdFy6zWRpV/x+JunK6U9YI3CBjVlyyQcH5e8+E2xakH8sSUGSPpHikay6PezKBW+sLHOwLIHst1P+Ted1HHadubUdImCytDlwn5R0QLqtT2XqzXs27h2oaBMrFAVX2DvH7dLFraP9FERgbGtXAXBc3IXI3UYqkigWkxx3dogHw7o3lxew70i6doqDc364cdeeW2+BgMlSC5AalyBKeaf0Nx9PvwycphvuWkliYXOEu7/DLrlLMGWO2JCxJlFwtWHR4GSbtW66X3eb1BhW0LkcSIiXmLEOgWwyN77WCCgnSwTBBtM3NMsRyN1wluu/DKemZelmks4vaCG9XRLWLspcNiTGilUN9w4EiRgRTrVBjNicIfs+2VbGIo2XjbmszZdJOkLSaZLuWsYUuBdGYDkCQZby00NPk/Rqg7YUgaYFBU2fc43Xxclsww1XoqxCCOHFVNWuwdS0IjFu3Ma4e2oPIJ7ixzFUvOfi2j8hEfgSnxVTXD/uc88IQJZIDIsy9S1TW7VvIl1AGpoo1HWYpGO7qHTideQkstRg6n0kEbcUpbYYJmKRws2GFSkKKWfsaiv7A8bcfUsSWmX3KrurnfQud407HKQTSF1JnwiwSPNNzkRpPdoQoydll83l9Mo6ZF4q6VnpIqwXpQZtNi2DdHnqJ3LQRoIk8T1KiEiaJK1bueX8P+LG4kBCOT3rvie2LHWPqWvsEQHIUn682hv/arA5Bfc2SYiqUYj3IJeTy67rqPS4CyxMxDBFWhTm732SXiTpcxOZTCxHQZDyzZWgbQgShNXxSBOZzNRNgu0PlETKk9rnLvYdH5KZ1hqdbW8hS4+T9IaEAElQMQW7LEYgNx1zBQGKrzBYFyOQY1OyZSmmC6XxR0l6cWP+/knSQZKuKum/Cppb3DRspFiPsI41rQ/WRyposnbYFUgumldzyA8XliWfhtvhYvFtwyIAWfp9SV9IzaJyjCvOZXcEmkTJH/LdMUI75ZdJlXcqQe+QplMbViZGxhsvBCR+HjooGkKEojOkiJ/zGKRAHisSxJQvH/2f/lML3aujZyJMGadTXyLpudOfOo+gdgQisC6IgAlAO4uSTcf1fTKQhDg8O+jQHOHPU547SAmpKXCTsA540djGZQIZClLEz5CiyMu2COXQRoIg0Q+XehDAavjumUhbnCmJE6rPSG7jembRI6kSgSBLeb6zqQe7djlRvOlhbds/qxQ35VOTmF+XbbmuMhDgzZ5Na5MgWwgUX6FbFCSGzxdEaq80NOrki/VEEtFVpCi3HlFvfNmCVMY66aMXIR+AmnoerN9HW2PXGSeKD8nCQMbuk9s3AksRyI9s5m6mObvjiAtBxO/eS6wMc8ZmTh8lgsCZa9bDHpL2lnS1HgHg9BokKyxX/Dy066/H4bnqlghAriESNR8cQRrhQwkPHypquTB82bgI5GSJzeBdKXZjThICETjLW/4qiwKaPJzyckzXuGt27NYjuBp3WbjNbrxhp3DdBTGCEIVbb8NqfHmFCERC3dtV7GbFe/E6SRdJukX6XuFUekg1IdAUA2Mj4JQCmwDk4AmSyIU2tQIBovCdr3CD8DNj43u+2a0bHyfeXuMg2nUwzfb/4V6L77HusBLEV7jqHGc022XSauAR5F1zLA+ubsZp9e5WS8IXlYDAIuVU9C/Qb4mYjU1imEh5gXozMVBBuPj+Gx0Pls2ITSiIDz9DfmKTCrK0TbM/SSdTOLUxlZNd24zX9xoBIzA+AjzHzk4uWFxUNZY4CTcnD0aN8zirMa2SmScFSgQ2fzXpCZ0lac+E0E8l3TRd84eSrrzg+PXUwMQ9glvEJ42mNnPurxGoBwEsLrh2a9Vbir1lCnps9awqj2QrBNbl5OEo9Saii7juQpsGCxO/Y/1B4C9Kbv3J3WX8n9/XxX8QCBuuDa7nwcLv15P036mRcLfxa7jgFgFFX3GL8EWswDZHwLeaCN9sBIyAEUgIhLp16Ur4O5kwDklwopiX7hrHtxNMfM8EEFhHlhgCqT0eKekekm4l6dppXN+VdJKkb6cvLDIQpBJL7pYLglViP90nI2AEjEBICPDyVlvqkzw3I/piX/R0G4EpINCGLE1hHO6jETACRqAmBHBRETtam/Xl2ZJQ7T4vnYSrac48looRMHgNg/cAAAQWSURBVFmqeHI9NCNgBCaLQK3WpS8n/bpXS3raZGfHHZ8dAiZLs5tyD9gIGIGJIFCbdelgSR9M2FvcdyKL0N28BAGTJa8EI2AEjECZCGBd4vAJit41xC4dJ4kcjJyq3q9MyN0rI7AYAZMlrwwjYASMQLkIvFLS0yUdk4Qcy+3p6p6RNJfkuRTcb7jhXIzAZBAwWZrMVLmjRsAIzBCBPHaJFChTTaT8KUl3TfN3HUmcpnYxApNBwGRpMlPljhoBIzBTBCJ2Cc27IyaIwUMkodpNeYqk105wDO7yzBEwWZr5AvDwjYARmAQCxC1RpvbM3kPS+yShr2S5gEksNXdyEQJT++B5Fo2AETACc0Tgyckic7wk8nVOpURiYPoLYYoMD1Ppv/tpBCb5luJpMwJGwAjMEYF7SvpwGvgdJH1+AiCQLYF8mzdKycghS6VmeZgAnO7imAjYsjQm+m7bCBgBI9AegcgZd6ykw9rfNtqV0V86cLeUpHy0zrhhI7ANAiZL26Dne42AETACwyFAsvDTUsJxyAcaTKWWOMVH/3C9YVVyMQKTRcBkabJT544bASMwQwROkPQYSZyQe2zB43+PpPun/iF5UDKxKxhGd60UBEyWSpkJ98MIGAEjsB6Bm0s6VRKWm4dJOnn9LYNf8QBJ706tTl1Mc3Dw3GCZCJgslTkv7pURMAJGYBkCL5f0zELThhDU/fXkKvyxpNtOWEjTK9AIXIqAyZIXgxEwAkZgeggg8ojY42clPa+g4OmPSzowwfkMSaRrcTECk0fAZGnyU+gBGAEjMFMEsODgjoOgEPA9dgmlcfrhoO6xZ8Ptd4qAyVKncLoyI2AEjMCgCJwjad/U4iGS3jBo65c0huvtBVmi32+k029TzWM3AoRusnQETJZKnyH3zwgYASOwGoHTJd1R0kWSjpSEyvdQBaJEMHdIA5goDYW82xkUAZOlQeF2Y0bACBiBXhD4WEZYPiPpLr20smulSBggZRAFtW5OwtmiNAD4bmJYBEyWhsXbrRkBI2AE+kIgV8ymjT5Vs/P4JNo6JRGlvsbmeo3AqAiYLI0Kvxs3AkbACHSKwMMlvSWr8WhJJ3YoCnmopBdKuk5qA3kAkuVCnlyMQLUImCxVO7UemBEwAjNG4ChJHN2n/EgSUgMXppNznJ7btDxe0iMaaUv+UdKDN63I1xuBKSJgsjTFWXOfjYARMALrEXiqpAOSHtOiq8+U9H+Szk0SBN9Puk17pYtDL2lPSbfPKjhLEhart67vgq8wAnUgYLJUxzx6FEbACBiBZQgQiH2QpIMlXWMLmM6Q9A8WmtwCQd86WQRMliY7de64ETACRmAjBPaQtF/mSruRpKtK+qakIyT9UBIxSFEQvKS8UdJJBamEbzRoX2wEukDg/wGEHlByK8uFkQAAAABJRU5ErkJggg==');
INSERT INTO `valveinfo` VALUES ('FD/L-2019-000026', '广西南宁国发锅炉有限公司', '广西南宁横县马岭镇城南街', '陆光辉', '0771-7420998', '11011206', '双效浓缩IV蒸汽管道', '弹簧直载式', 'A4K8-16C', '0.15Mpa', '水', '0.15Mpa', 'ISG ZF001-2006', '0.7Mpa', '0.6Mpa', '离线校验', '压缩空气', '不合格', '无', '解体、清洗、校验 研磨阀芯 研磨阀座 更换弹簧 ', 'data:image/png;base64,iVBORw0KGgoAAAANSUhEUgAAAa0AAACmCAYAAABp5tBAAAAf/UlEQVR4Xu2dfey3VV3H3261WCWk8y4DinQ5NmCRQSVYIxdkNoUeJtOGktOB3mRE8WDRRv3RAkEJGzQYQ7Du2WDNeJilsLQyiAmFm7CeyallgFCROOgP2xvORz73dV/X93o813Ue3me79/vdv+91neuc1znf633O53zO57wA3ekT4aPX7LhGH4mACIiACIjAagRe0PGk3wRwSfjstwDw/0oiIAIiIAIisCmBLtFiob4WSnYNgHM2LaUeLgIiIAIiIAIAukTr2wA8COBQAHcBOEW0REAEREAERGBrArtmWncCOBnAEwCOBPDo1oXV80VABERABOomsEu0LgNwYcDzNgA31o1KtRcBERABEdiawC7R8s4YnwQgL8KtW0vPFwEREIHKCewSre8B8LDjs+vayjGq+iIgAiIgAmsQ2CVEXMf6e1eI0wHcskah9AwREAEREAERaCPQN3viBuMfCzeeB+B3hVEEREAEREAEtiLQJ1qfBnB8KNxfA/iRrQqq54qACIiACIhAn2h9FcBBAdP/AnihkImACIiACIjAVgR2iRY3GHOPlk99IrdVPfRcEYhF4LMh47PCGu/jsR6kfEVABPoJ9ImQhXKynF4G4N/6s9UVIlAEAb/tgxVi36fJ/CoANJcriYAIrEygT7T+C8AhrkwSrZUbSI/bnABnWkc3SkGz+a0Afk2DuM3bRwWojECfaHFkeYRjwg3G3GisVDYBeoyqnZ9vY5oG3+w8ae0TBZMu+3ug2iVIQKKVYKNsXKT3A+D2hscA7Nm4LKk9/o0Abm4U6gwA+1IrqMojAqUS6BOtBwAc6yr/MwD+pFQYqhdeD+B2x0Hhuw7sFDcBeKv78/1uW4i6kAiIQGQCfaLFl9ZJEq3IrZBO9rcBeEOjODIJH9g+nwdwuPuzDkpNpw+rJIUTkGgV3sAjqudNX/cAOCHcexoAipnS8wR46sENDSB93yXxEwERWIBA3xetOdPSqHsB6IlmwbUaChcP/6RovSOUU23e3mDNWSkjx9BUqCQCIhCRgEQrItyMsrZZFjfOXhw20TLuJNN7APBsNaX9CewFcLX700UA3itIIiACcQmMFa1XAqBzhlI5BL41OF/QzZ1bHLgXj7+baMmtu72t6Vn5iPvoLgCnlNMtVBMRSJPAWNF6EQBuOFYqh8CbAHw4VMdMgScDuDP8TaLV3dZmUuUVTwE4TN+Pcr4YqkmaBMaKVt/1adZSpdpF4AvhZXsvgJ8CQBOhD190IwA6HigdSKC5b+tCAJcLlAiIQDwCfSLkHTE+B4CnGSuVQ+BaAIz28O8AXu1CEvkZBA/+5AGgSu0Evgjg0PCRWKmXiEBkAn2ixVH2maEMf9ESxiZy8ZR9RALfH9atGM3/fQDOd8+SaA0H/9MAPuIu5z63O4bfritFQATGEOgTLZ5UfK5EawzSbK41YaJZ8FWNUtMrjt5xTFrT2t2kFH06rXAQwKTZVjZfARU0RwJ9ouXXNrTrP8cWbi/zDwP4m/BRW7t+KpgLeYlOrO5vd+9tyau5BkgrhZIIiMDCBPpE65cBXBmeySCqnHkp5U/A1rK64ub5mJOfcbOI/GsepwbfBOBuAD8Qsv9bACcCeDrO45SrCNRLoE+0/AbKc4KpqF5aZdTczwq6ol0wKDLDNzFpLXNYu3Pt18+uNNsaxk1XicAoAn2i5aN+a4F5FNpkL7a1rF1rLxKtac33lwB+NNzKcFjHTMtGd4mACHQR6BOtIaNy0c2HwC8A+GAo7q5YeRKtaW3KiDE0DVpS3MZpHHWXCHQSkGjV0zkODkfEcyDStz7pRUv788b1Eb9dQM5L49jpahHoJSDR6kVUzAUWveGfAbyip1ZetCweYTEgIlfkdQA+Gp4hdpFhK/v6CIwRLZ1anG//aIsvuKs2flO5Xrzj290fEskAxGSoJAIisAABidYCEDPIgi/NI8IRIzxqpC9JtPoI7f78AwDeHS6RiXAeS90tAvsR6BMt7vL/u3BH3zqI0KZJwKKacG2K7TkkSr+PhKKZ1rR2fTjE6hS/afx0lwi0EugTLQbI5ZePSaKVXyfy3p9jzLtetOSIMa3dOdjjIOEJAEcCeHRaNrpLBETAE+gTLcZV45eOKVUzx6kArg/HxJ8N4B/VxM8SYNvxxcmBx00A6O4+NEm0hpLqvo6nGF8QPtYex/k8lYMIPEugT7R4zdcSFi0fG9GaVAvfz5EwD8AxZkFj6EWL5kQe/qk0joCPJsPB1HXjbtfVIiACbQTGiNZVABiLMJXkD+D7EoCXhoLp0MLn2sliRk7Z4OoHA4o9OK3HHxVm/7yb59KxHZREQARmEshVtL4TAEWUwsURLEeyPB6CazhMQ+o1E12yt3vnmakDDS9aij04vamtT/KQzcOmZ6M7RUAEjMCQl7u5S49dF4lJ2V6qHwfw2vAgidb+61hzZkgSrWV6r++TRwN4aJlslYsI1EtgjGjdCoCntG6dXgyAgUn5EvCRtBlTz5wNan1B+EgWc9b2JFrL9HLPcYqZdplSKBcRKIjAENGiPf6kELcuBdGyF8E+AGe4tvAviCH1KqgZn62KX8ca497exsGzTGWwkmN7+QDFOqokxxZUmZMjMOTlbqKVgnmQR6X8bJhhNaOUXwrgokB4SL2Sa4wZBaJbO93b6eY+dR3LP96L1hL5zaha1rd6Z6FUt4xkDViFr4/AkJe7idbWL689AN4K4AoA7wTA03d98usHtb0grI3mrGN5ln7WVhvLJd8CfnO+vFqXJKu8qiUwRrS2fnkxlhtjupm3YLPROMvibIvpdAA85LCGRJPtR0JFeZ7TAwtU2pu1FAllHtD7ABwH4A/CoGtebrpbBConkIto8SX62wAO3eHOfjsAmg+ZuoStxObm5t9DFjILGh+txSzXU8wCoBiEyzFVThUTGCJaHLkf2/DUWxOZxc/jl56zPZpZ2pKVk5/VsrfI1p7+O6xnLdUuU2MWLvX8kvK5HMD5YaPxMSVVTHURgS0IDBEt26e1hcuuvTyfCgF7d4XC8aGHKGA0lZWcuImYo3g6XyztmeZFa4t2L6nd3gLgQyG6vsJhldSyqssmBMaI1lLrJUMryrUa7r0a+lL2olXDTMvOvIrhku6jaki0hvbY9us0AJjHT3eLwH4EhojW4yFg6pzNqmOx84tO5wIK1lBHgJoik3uvtBjtEjv/sf0h9+st6PTSM+Lcuaj8IjCawBDRsi/ckGtHF6DlBu8NN1SwmE0z4vta5V2izmPzMBf3DwP4+bE3D7jeH0lDk9aQgyMHZFvtJWZi33rbSLUNoIqXQ6DvxW4j7rU8n8xrjY4FFCHOnoamWkTLM+KMdAkX9zbGaw9WhrZzjtdZeK0azNY5to/KnBGBPtGytY2lNq3uQuNFZ0oYolpEy1zcY0cokWgt90WuPcTYciSVU/UE+kTLFpFjjxDN3MUZ1tTZQw2i5dftYqxl+S+ERGu510OMDeDLlU45iUBGBPpEy0xRsUb1XDuh2zZndJzN8XlTzV2lH1zonSNitYdEK86X13tjyhkjDmPlWgmBPtEyIYgRwokvYXoImmBxhjVnwb/04zSWOnZkaNfWTGsoqWHXxYhcMuzJukoECiLQJ1q2F2iMF98QPJxhMSo5hYv7jDjDmiNYfKaVlb/HNmcOqeOS16w9y2LZJVpLtiBgJvAaNr4vS065iYAj0Cda9kVbcoOpNwku6QJc8nEa1g5surU2eUu0ln1VWP/k4EyRMZZlq9wqItAnWmbSWEq0KFg0CdIUuPS6jBetGObMrbrFFrMsv0+rr49sxSW358oZI7cWU3mTJND3Qlp6tB0z9FCpouXNnksNHoZ0xqXbfsgzS77GDz6mbOkomY3qJgKDCewSLXN3/1xYexqcaceFdrAg15s46py7htV8jBetpdfg5tZ96v2c8TwcwlmtsVfOyqmZ1tQW232fDQRKsgTEIaVcRaCDwC7R8iJDAZuTvADSW3BpwWLZ/BlQa85I5nDpu3erc60kWn0tM+3zVE4Bn1Z63SUCCRDYJVpmlpo7KqRIfRTANwf3doaEipH2Arg6ZHwGgH0xHrJynv6MsDVjAEq04jS0wjnF4cpcaX7lYJg/mdiHLR3RMlBuDpz5LuTf7O/2k/nwn/2fedH65J/Fd5pdx2f6e/k7P+NBrQye0Jd8ue1ey9N/tisfq4ddb/83Rr6MzXyaZe8rb6zPrR19W7I+n9wlWvbCnDNr4YO5eZg/5+QzBAxPLebpxUyxnzWkPHOv2cIBw8psorX04ZJzmeR+v5mwS9uSMbZd7AVvL1W+0Pm7DczY92lK5U/2QYrCSc5Mzv9fEpy5+OxmFB3/cjdB8X3bC4y9FO1vLAsThcnEikJF8zwPw7XP+JN/t//b72NZpHo96+/rx3KSpRcT/o3WA/83/p+J7cMJDxMtRjZZ4bVzWL1ml2iZ/X1quCC/eXhJ1/auRi7ttF0fsmltEfaC2eesk+qXLsVymWgttU68Rh354mZ/sJe5FxwTB/+zOUJuClRXmW0WwsGyCQ1/2j97adpMIJbFxspngtV8Sdvfx860hraV5d/86cvVl9fUmVaMZZu+snZ9PnqmZWFnpn65vGs7Ryhzo10MqXhph+3ZcRZT22AIs65rrP21p2gOxQPvtT66FVcTEBvp+rVqtrmJD18YzZf1GBIUIHtx2k/257bf+bfYAjSm7Lo2cQJdo2hzwphyKi47Pk8cpocgOy9/2pQxJg4vWrnHd/N1mbumOIW5RGsKtf57fLsuPYOlyNjaiQmQiQ//zr9NSWaeawoO8+KsyK8BTY0bOqVcuqdSAl1fHDNNTXEd9/uKptw/tSlKMg96hlPNs1M58r6tZwRzyp7yvWZ2fRrAQSMLamsBJkD208Rq6CI9H8vZu818mj9t5uOdEkYWVZeLQDwCXaI1NXyTX4eZMkubU9NSZlp8+VhcxjX3Znn2S+/Rm9OuJd3r1wqbgxETJZsdNX8O5UAnDz8LsjUhL0ZD89J1IpAcgS7RmhINwQsWTQo0R6xpqy5FtC4CcGnoKVtFTljrHLXkvhARC8TBCL3PzFR+A4CXh7WjpjdbWzFsncg7J1CIzEQn01zExlPW6RBoEy0bDY4Z5ftNsKzd2t5u3qTF33Ne06Lp5rsBPAXgsEgbsft6oESrj9Duzzlgo4s2f/KfmfD6cuV3zs+MvCCl5NnVVw99LgLRCLSJlr2whpr3eD2D4JpNfQ339jYgJcy03gjg5lA5rmtRfLdIEq3x1ClO54b1wC7PO86WvgXAN4SN8PeFmZKtK41/qu4QgcoItInWmIMf+UXl5mETrFhxBYc0SwmidT2At4fKngLgriEVj3CNRGs4VFoZKFZN7zzOmGkK5GyJP73LN/c8bWX6HV4zXSkCCRJoEy3zXOsz8XmHAVZti3UsjzT3I805Amdw3D0AHgVwJIAnNuozEq3d4Nn3zwTArSF+VkWh4touwzV1redapJmcTdgbdUs9VgSANtH687Am1edq7Q8mJMs13dvb2s6L1hZ7m+b2J28afBDAMXMznHG/RKsdXpdY0ZROC8UQZwj73mz9fZnRPXSrCGxHoE20hngOek9Bln7pAx2nEsn56AeuZVG4mN4LgF6EWyWJ1oHk2ec5u/L7odjvKVZjvGRNtHIcWG3VH/VcEfg6gaZomefgLicMfwKrmQV99OAt8eYsWlZ28uszzcZmLNF6jjA5UKi4buUTnY0oVlM8+iRasXuv8i+aQFO0zMTWNXPyUdsNTEoLyhavbysPxqmdxZsGmcfRAB6amtkC99UsWl0mwMfCcTdcx5qTljryZ04ZdK8IZEugKVrmOdhlb2+uY6ViFrQGsPINdddPpeHOAnBtKMzW61k2w6BXaE1HaHBARi/ANlHiIIjmwTFmwK6+ZaKV28Aqle+KylE5gaZo2ReqbfbUNAvSUyrWKcRTm8XW2rgg/sqpmWxwn1/PSmGtw2bcuYn/lKZjXXn2D/t3M01Zs+org/XRGtj2sdDnIjCaQFO0zB2XL3zvCUWTCd2x/SL01usubZW16PQcEdP7MZf0SHB1Z3nPBnDdxgUfsra5cRFnP551vLJDrMZ4A44tiA6CHEtM14uAI9AULToDtJ1Wa8eE262pmQWtXDYb/DKAl2TS0ow/9y+urMcDuH/jsnNwwj1ipc4G2jwBiZxhlDjwiXmUjkRr486tx+dNwItW1+K7jzTB2lLUUvEWbNLP8SDIkwHcGSrCGeL3AXhy425VqmjRFMiz3prRK9inKSYUs9hJohWbsPIvmoAXLQt621wgNpOhgUjJW7CtcThr4ewlRfNlW3m90HKEz3KnkDjrLmmmZabjJltaDfjZFPf1Ke1k5ajJyWUKJ90jAq0EvGiZE4YPL2OjQrt5TOT3rZDfDeCEjCK9c63QQgHdA+DErcA1nkvRStUMPAYRZ41cu2rutaIjEc3JQ6JYjHle37USrT5C+lwEdhDwotV0wuCLlIcReueLpoNGinBp/uELis4MdGpIPX0hHEHCcv4egF9KpMAliFaXOZAzSPaRtWZXvkklWol0cBUjTwJetCwiw4vCl7kZqikFV+whlN8N4AMAKAbfNeSGDa/5CQAfc89PyaTJ9TUOZNpcwTdENvjRFCwemdM8JmTrQLVmhpd5cHBT6kIReJ6AiVbz4EcffJZXp7gnq6sdjwPAc4qYKFoUr1RTyqLFWQjX2HIULZaZM25vJWAfpmDE9Awc0s800xpCSdeIQAcBE62m52Az8sXWo9OxDfhPAL4XwBkh9M7Y+9e63kyZ9ryUZrOcZXG2lZtotTlccFZDwVoiosXcviHRmktQ91dNwETLvkj0HOTLii9TSzmaMWgepJlwXxCuVBuZoZI4YEhRtLg3jykn0foOAF9qNPba3oF9fU3mwT5C+lwEdhAw0bL1K470+aU6wt2Tg/NFs4oWgPZxAK8AwJ8ppk8BeLUrWArRMKw4NwD4n45YfCmyZJmaewpTmrkaM4lWqr1H5cqCgImWRbz4YwA/50qes8vz5wEcnriJsDnTei2AjyfSc2ztx88EEylaZzH2Arg6fMqBGAM/p5bMqlHSHrjUGKs8BRMw0TJ3d0YGOCTUl7/TISOFdYApTXAZgAvDwnsqG3ab9WiKVkreg9y3R0eGnMyDRwFglHwm7tfzs9gpfSjGPSZaOQ8IY3BRniIwiICJlt8rZDfmfnSCNxVtfT5VV2N8EcCh7sOUHF5yFC2itM3aqQZNtg37KZouB700dJEIbEmAotVcB2B5cnS+aHJ8cQg8S3f+cwBcsyXolme3cU9ppkWTMdk14/QlhvGA4vgoLikKg0Qr9R6k8iVNgKK1BwCPxvg/AN8YSpvSiH8OQHMpvwXA6XMyinTvM445nR7MNBvpcaOy5UyLgpWbaLGSXwVwEIArAFwwqtbxL+47aDV+CfQEEciYgBctX43mkSW5VpEx57iGkKpo+biDDN/EME6pJDoynJbZuWTGjs4YdMpIsd1NtFIPPJ1KP1Q5RGA/AhSnZlDclOLfzW2udwWzINeO6Lr/6NwMF77fQmcx29QGCjmLlp2rxqgeNLmuHRR3Vzex7SUpmYIX7tbKTgTiEeCL0vY02VNKMQ2yPj8J4E9DxVJ7SVjoLBaPpjhyTylxMHMuAMaizC3R65EBk9m3U1vXskFijvsfc+sHKm+BBNpEK1VPu6n4bTaTmjNGLg4Dqc0Ah/YDC5xMF/hjht60wnU203pZxttJVsCkR4hAOwG+kPyGzP8E8NLCYPF4FToTpCZaxMx9Wkwp7iMzUc1VtMjV1rZSijRiG/ntNIXCvm6qjgjEJdBc00p1b8scChYqKTUz0Zw6rXGviVbOL1e/reDNAP5oDXA9zzDRynkwkABGFaFWAjWI1rUAzgJwO4BTa23oCfW2yA05ixarfT2Atye095CidWymXpkTupFuEYFlCTRFK5fTfsdQuA3AGzYQLQZGvSR4rtG9ObdkgV1zX3uhwwu9B7kHLgUnI/bHFyZqEs6tj6q8FRKgaPn4dyl6sc1tFqsfA8CusXZEd2vuD7MTcxnD0R9GOLc+a91vbuOpeV1Oqb93etl65phjIOIpzHWPCEQhYHZ17l96GgBP0n0oypO2y9TMg7FnkVw/oVj5CBKpnJY7hX5JosX6c72WR+7QPLflzDfXwzWn9CHdIwKLE6hhMdgOhLwHwImLE3xOpGgGbEZDT+3wwbFVNyeGEmZarLuJMH/fsk4UT862aH5VEgERGEmgBtG6CMClEY4oofmPm2/psOATzYH8G02tOSeKMbcLlBRuiGJxUljj4ubeLRL3DepYki3I65lFEKhBtOg5Rg8yJu5B4160OYnrU5xZNcWKeTI6PkfQuZ5B5rmYaJW0VcDqxHpudfQORaskpnO+S7pXBEYTqEG0loo8YTMrilKbYwVfRIx2wHh3paQSX7DWH9hOnEWaY8QabWahuyRaa9DWM4okUINoseEslNNbAPzhyJbki8bWrNrEKmdniz4UJYoW25DOEHTK4M81zYS2TpiC631f2+tzEUiSQA2i9RIX3Z1hfX5xYEvwBcM1q13HzZc+YqaZky/2XQwG4kzqMh8pY802LM25JalGVWHqIFCDaLElPwuAgYC/DOBiAHSDb0ucVZ0Z1qt27a26NVxTwtrVrp5e8p4ibzZeK+K6IrzX8V5VLSMSqEW0LHAqUXI/Gs2EfwbgycCWMwmKVd+Mohaxsi5H0WIkiTVNaBG7+wFZcxbJkEprmQnpUcp+tvUG5zUZ61kisCiBWkTLm4MMIPdt/QOAN4Wj2bvA0oWdLxs6WZQ+s2oyYJ3tJbtox0sks7W9Cc3lvpbvXSLNrGKURKCmL8+vAviNESGVPhOEihEUSvIIHNN/SziepK++FhiYbUwHCbZ3rMRncFbHQZSSCIjABAI1iRbx8CRbRnw/uYMVPQH50uLMKqUj2ic07SK3lBI0dxcMrl2yvU8Lbc5oGTEGKeburo3Fi3RNZVIrgdpEi+18MIATwnEVXwkN/wyAv5rgDl96vykt/mBXe/lI8LGCRtsA4Lwwgy+976h+IhCFQI2iFQVkoZnaWmBJoZy6msrHJuRRNncs3KZmat0y7uHCVVJ2IrA+AYnW+sxzeiJNZ08AqGV2wINCXx8aaOlzxOSEkVPPV1mTJSDRSrZpkikYPSa5ztcWazGZQi5UEG8m5JrmkutbjC7CNVM7Z22hIisbEaiLgESrrvaeUtv7wkGhF0y5OcN7/Kbjpda3zLWe+/z69gJmiExFFoH1CEi01mOd65NKjorR1SZ2YCQ/X8I0KieMXHu/yp0cAYlWck2SXIE42+AZVFzjqSV5pwy6vzMiyJyN5dykzTiWcsKopQepntEISLSioS0m49KjYnQ1lIV44udzwzzdHbZZLO3cUUwnU0VEYCgBidZQUvVeZxEjaouX50M8sfXnRIO3o3H0fav3e6SaL0RAX6KFQBacTS0bjNuakF6TjJRhaYp5bw+AR8Jhk7xfSQREYAYBidYMeJXcWvPBhRZ6yZqa61pc3xoT5unHAdwF4BoA51TSZ1RNEYhGQKIVDW1RGZd4gvHQBjInCrv+qpF71sxzcI55cWhZdZ0IFE9AolV8Ey9SQYpWrXuMGBWEMyyeK2aJ0eDpVTkk2b6vMfcMyVfXiECVBCRaVTb76ErXuFfLQ7LZkv1tjBs8T8nmyQJ7Afz+aPK6QQREYD8CEi11iCEEzCGh5v5ipw4br6HrWzeHI3Hk7j6kp+kaEeghUPNLSJ1jOAEzcdX84qVTBmecRzhs/H+fRyDDYB0H4GgADw1HritFQATaCEi01C+GEDC39xqOKNnFg3u3KFR+fYuzUHJpS0cBeBDA/QCOHwJa14iACOwmINFSDxlCwFy/5QEH2BYAz63Lo5AnZdM8eB2As4eA1jUiIAISLfWBZQjU7EHYJGhRQnYJ1+uCWB0OIMahksu0qnIRgcwIaKaVWYNtWFxbz6kpcO4u3P4IE7uOnoLvDP+5F8APAbgNwDsAPLph2+nRIlAMAYlWMU0ZvSK2ybZmZ4wm5Dbh2gfgK8HNndf/OoDfid46eoAIVEJAolVJQy9QTTOJTYm/t8Djk82iGTHDF/TKIFiaZSXbfCpYbgQkWrm12HblNQcEOWMc2Ab0KrwYwKEA6LTyDIALAdyyXXPpySJQJgGJVpntGqtWdMa4CQAjRCiJgAiIwOoEJFqrI8/6gYwCwX+cdSmJgAiIwOoEJFqrI8/6gQrnlHXzqfAikD8BiVb+bbhmDeRBuCZtPUsEROAAAhItdYoxBCzauTwIx1DTtSIgAosRkGgthrKKjMyD8DwAnHUx8W+XALgDwPuqoKBKioAIbEZAorUZ+iwfzAMRnwDgY+19IggX9yIxkrn2JGXZtCq0CORBQKKVRzulVMrHADwA4ORQKBMt/vdgAE+mVFiVRQREoCwCEq2y2nON2nCvFhP7jo94PuRsqTXKp2eIgAgUTECiVXDjRqoaZ1Z7ABwDwEc7PxXA7ZGeqWxFQARE4OujZaEQgTEErgawN8y0LgdwfriZIYz+Y0xGulYEREAExhLQTGssMV1va1h0e6fXIE2EjJKhI0vUN0RABKITkGhFR1zcA+w4jm8H8EiondazimtmVUgE0iQg0UqzXVIulYnWDwL4dCioNhun3GIqmwgURECiVVBjrlQVE623AfhgeKYOhlwJvh4jArUTkGjV3gPG159OGHTGeD+AXwFwD4ATx2ejO0RABERgPAGJ1nhmtd9he7MuA3ARgCsAXFA7FNVfBERgHQISrXU4l/QUE61/BfByAO8BQAFTEgEREIHoBCRa0REX9wAfBYOVOx7A/cXVUhUSARFIkoBEK8lmSbpQZwG4NpTwXgCvSrq0KpwIiEBRBCRaRTXnKpW5EcCZ4UmMiHHhKk/VQ0RABEQghOIRCBEYS+BjALim9a6xN+p6ERABEZhD4P8BA4QdQV4enhIAAAAASUVORK5CYII=', 'data:image/png;base64,iVBORw0KGgoAAAANSUhEUgAAAksAAACACAYAAAAbDS1cAAAgAElEQVR4Xu2dCfB/VVnGHzVTEyQt9y03TLDUZFRUIhtcMNdRm9w3xFFcEnHBKc3JyhXEhRFMUVBp1FTcR2xcUVCIdJBcGExTcAu3yrE0mw+cF87//r/L/f6+dzn33OfM/Oa33XuW55zvPc993/c87+XkYgS6Q+CcVNWtu6vSNRkBI2AEjIARGBeBy43bvFuvCIG/kvSCNJ4XSuJ3FyNgBIyAETACk0fAZGnyU1jMAB4j6YTUm8dKelMxPXNHjIARMAJGwAhsgYDJ0hbg+dZdEPgjSR9Lf7mbpI8bHyNgBIyAETACNSBgslTDLJYxBpOlMubBvTACRsAIGIGOETBZ6hjQGVdnsjTjyffQjYARMAI1I2CyVPPsDjs2B3gPi7dbMwJGwAgYgYEQMFkaCOgZNOMA751PsiUXdo6d7zQCRsAI9I6AyVLvEM+mgftJOiWN9v6S3jubke98oA+RdJSkG6QqLLmwcyx9pxEwAkagNwRMlnqDdnYVX1PS99KoryXp+7NDYLMBQ5Tent1ylqT9NqvCVxsBI2AEjMAQCJgsDYHyPNrYR9KX0lD3lXTuPIa9o1Hm8V1UgMwCcgsudSOAtAYvFVa4r3uePboKETBZqnBSRxpSfhruJpL+baR+lNwsGPEVSuf09XBJR5fcafetEwRygnyepOdJekcnNbsSI2AEekfAZKl3iGfTwO9I+noarcnS4mnH7Yb7LcqfesOczeeDgWJZgixHsUVxVtPvwU4ZAZOlKc9eWX03WVo9H02i5GDustbvUL05U9Lts8aI7TvMpHko+N2OEdgZAlMlS8THEERM+WNJe0r60c4guNhdlLuMfizpXzao6y6S7i7pAkmnS/riBvfWdKnJ0u6zeSVJj5b00IZFwUSpppW/+ViwLr5O0jWyW70mNsfRdxiBwRAonSyF/gzEiMBICsSGjXmIQluQsPj6d0lXkARZYyPcv9GJX6QH4E+H6FxhbdxW0tmpT7fbkHAWNpROuoO75RWS/qBRm11vncBbRSWvlfTkbCRvlfSIKkbmQRiByhAomSw1TwyVCD1kai9JV/cb4sWxGJFId64xS5B4Ancf1LAasDy+lYK5HdRb4id5nD5dV9LbGlbHh0k6eZzuuFUjYASWIVAyWaLPY1uWvtGwLH1T0peTC/BDyfWGtSkP3LzNTF1xm5ClEyTdQ9LrJUGKp14gSZxwe4Ck31wyGLtZpj7L/fR/72SFvUqqnhewe0r6aj/NuVYjYAR2gkDpZGnZmJoxS1frMGYJl9smMUu3TASKvp4v6WY7mYgK7mnrhru5pK+l8aLLNGXNGcYcJGnZFGIlgBB686tgkfc0hMdJekNWN1ISSEq4GAEjUAgCUyVLhcB3cTdyq9JLJT2npM4N2JfcsoTAIseiF5X8Ov6/6toBu79RU4zh6cmStOzG/5H0RElv2qhmXzxXBJqyAn42z3UleNxFIuAP5HbTkqes+IGk+0g6Y7sqJ3t3W7LEAH+VjXIqZAn3GjnvsBKtO2CAyw2SZGHOyS7nwTvefIngWfKBwXvhBo2AEViIgMnSdguDXGhxSu+Nkh6/XXWTvrstWUJjBq0ZChozIQFR6uAhRliRHrMiHom+IzkBQYJM7VTGolQM3K/+EcilN2gNq+Tx/TfrFoyAEWiDgMlSG5QWX5NbRz4r6VGSSGMw19KWLD1c0lsSSMcmQb7SMAsrEgQpV1xe1E9IEgQJomSSVNpMTqs/uSvulZKeMa3uu7dGoF4ETJY2n1veAN8viWSxUYzjJaQipANWudZySYjSTojhZuNEGyRpXflEIkiOSVqHlP/fFgHkJa6fLv5oErtte6+vMwJGoEcEvMlvBi4b6V9k6Qp4uHGKpYbj75shsfvVbcnSaZLunG4vwdXAiTZUtte52WLEb5bEW/8mJya3xdb3zwMBcitGPByyKb83j2F7lEagfARMltrPEWQAfaA8uNdqzJfh11Y6AAwhJmdJ2q89/J1eyRxiRaIf9Htd+UIiSO+xq20dVP7/Fgjkit5OsrsFkL7VCHSNgMlSO0RJSfASSXtklyMc95F2t8/iqraWpSBLY2wGm7jZIEi42CBIPtU2iyU8+iBNlkafAnfACCxGwGRp/crAxUYKiytml9qitDtubcjSwZLIf0V6mKE0qQjWxs3252uO/BOoDYGDHPHdBGn9Z8NXdItA/hmaumBrt8i4NiMwMgImS8snYE9J95L09uySX0o6xEKDC0Fb54YjwzqZ1tGmuigpd1/Y4/pvc+Qf6xHkiC/HIPU4Ga66FQK4hbG8UiDr5Fh0MQJGoAAETJYWTwIb+qGSDmr8+68lPb+AeSuxC+vIEoHx4Ed5bI+EM/K0LTrRRq6/3Hrko/4lrqT59ik/KTpmTN98Z8AjNwJLEDBZ2hUY8rpxQutZDbx+KOlVPvW28nOUi+rxRpy7sXIihQWHJLoIUnZZcGFAkHC5RcG1Rj+IPYIk2XrUJeKuq2sEeEE7LlV6QSYj0HU7rs8IGIENETBZugQwVLjZbHET4S7KC7ED6AG9Y0Ns53b5MrLE39Ff4jvkBZy7Ii3UeWAWj4RQ6OUTOaINn16b2yqc9nhzyxIj8fN52vPp3leEgD+Ml2gkYU26zoJ5xSKBy8hlPQLLArzBMKw9KBKjUbRtiVNttBlSDsdkwdnb1u/7jcAYCORkyTFLY8yA2zQCSxCYM1lio315JjCZQ0QaDjb5z3vltEZgkWWJE2hHpxoIpm6jabSswQjYRhg0CFIc7++CgLUeqC80Aj0hkL9wjCGt0dOwXK0RmD4CcyVLWDiOWjB9PKBQ5I7cZdOf4eFG0CRLHNk/OzW/U/fbshxtWJEgs12584ZDyS0ZgeUIWDrAq8MIFIrA3MjSHSW9qHHK7XxJr5d0egoCLnSqiu9WHsT9h5JOzCxAm7rf4kQbViQIE4VcbMQgOWFt8UvBHdwhArl0gEMAdgiibzMCfSAwF7LEGxtE6cUNEBGbPEkSOd5ctkMgJ0tfkXTLVB251Nokpl0kHolFCoLkXGzbzY3vngYCJkvTmCf3coYIzIEsQZReI2nfbH454XYfqzR3uuJzN1xUTEwR+K/SM+L/kcg27sOKxJs1Xy5GYC4I5G44XuyOLHTg+2RivbcutI/ulhHoFIGayRIPHr5e0ECshEz3nU5iIZUdIOmTWV8QgMTatIgoQayCIEWwNteHFcmpRgqZVHdjUATIDkBIAAWtNw6glFIgSHeS9JeNtEHIqnCKz8UIVI1AzWSJNCUocUfhhNthVc/meIPDhXaqpP1SF74qiUTDTdLDkX9cDcQiRTklS1g73gjcshEYH4HcDUfi7ueO36WLT57+naT7Srpqoz/OX1fABLkLwyBQK1nipBtBxVGc+La/9QRReney4kUrfyLpg+mXsCIhIxDB2liRiENysHZ/8+Kap4dATpYemCytY44CsV4SXjdjDolJ5Bl7/Jidc9tGYEgEaiVLpCeJjdlm4v5W1CKiRGt3k7TXAisSwd6ReqS/XrlmIzBNBHJdMj5DSJmMVW6aJFT2b3QA3bTDx+qU2zUCYyFQI1kia3e8CX1Z0q3GAncG7X69IRB5mzTm72SK6AR5Y0Vy6pEZLAgPcSsEcgXvsclSM4yBgb1L0oO2GqFvNgLTQiBin8+ojSzlp0mcLqC/RYlr7Z2Z+jnikBdKOjg1+Z9J3BOS5GDt/ubBNdeFQClkiZPC72tAe7IkpFb8ea5rzXk0qxE4QtLLCCupjSwRiBhBkVgy8Pu7dIsAQfO8dUb5iaSrNZoY+6242xG7NiMwDAK8XDw9NXW7ERXqcbXhEozyWUnEIRLe4GIE5oRAWFhfWBtZIrs91iWKN+xul/R1Jb2tEchNCwRrE4eEy5O3T8qYD/puR+3ajMBwCBCjdGBq7upr9Mn67BVisPkLEMnErXnWJ+KuuzQEHppeXBCzfgc/10aW8hiam9hk3Nn6e5WkR6Wg7aj0nKS5ggWPkrtATVQ7g94VzQiBnCyN9WzOP8cBvT/PM1qEMx4qB5aIu8XCG0nfL01oPdYHsq/5MFnqFtmHS3q+pL2zaj8s6bWS3t9oKn/I2rLU7Ty4tnkgQDzQjdNQx3o2N93sl24W85gCj3KGCECSEK9G/4943Eizxdq/1KI61geyr/nA2hFpTRBRa27ofbVbW703l8SpwrtmA/tIEqdbdpw5zw1nslTbiqhrPDwUOZRQWrAyavdIbpDuJ8IJhkY+DzKnbZ4Djxu6E27PCPSMAKQoRJLDisTnDqsSe9xumSdqI0skxL1+AvnVkp7WM+C1VY+mCgGmD5Z0hTS489JpgHUCdCZLta2GOscTZOCYRhBzCaP9VerEmGSJnHTPycDglOv1SgDHfTACWyAAOSIekH2KF5EgSEjbYD0inGTly1NtZCl3w3GC485bgDunW1lInIC5t6RfzwZ+Ysrh1gaLPJGu48XaIOZrhkYgYoJKJEpgEWSJFEB5SqAhcaJdFPnzgm7aSZL+XhKpjFyMQIkIhBA1ZIifgxwFMaLPvIhgVeZrI+2/2sjSoZKOy2bRm/bqJY0VCZfZHkkzKZLawrCRYVhnTcprt2WpxMeH+wQCQQA4uRkuuNKQ4eEeR/PHzDqwTJU/8MJif1HaaNhwXIzA0Aiw1xDbx/7Od06O4lL7lKQbpbgjXozYx+Jra7d7bWSpeZLDwYm7L2MWGhsGRAmWTSzSkZJukC4Fsyfu4A3SZGnoR4bbW4cAGz8WUxT9Weus+91iEdZVMtD/88/PmGSJ4fIcxbrV1E9rQsFGRHJdnhnkguT3Zkwjbk++XIzAJgiwBonf43PB55jvvMzHCz1B2EGAIsYo1l4vn/HayNKeSTmaEx1RLNF/CRKQoxDpZFFhgmTz4BRAlG0SDuduuE01YpAmeIKkb6c4Egfmb/JY8bWLEODhijuJtYjAYuk6QTlZIgk4gaZjlzx1VNu+/Dyp+UOcYqM7U9KLElFlk6Pw/142tbYd9XWjIBCEB5dzrA86Eq4z/h/uNNYKayRIUZDxUdZObWQJ0JmAt2Sn4vjb2G9qo6zKxMIhSWwWeaQ/pAiX5e1TxwiMf+SWiTtzN0JbstQ8ptwFaRsLa7dbDgIRxE3wJlalKbiLcrLES03ol42N6v3SqVhwvGbPnYkA259KuqIkYqUobJg8X5rfF3UnJ2BYxr6Z3RvXx2Yc9eX1RDuL/sb1UT/XrQoIjmujvvidPReigMv18sl6AimI67CmBKFsjo/28vp6no5Lqw+8+AM6RNFf/h5SF/wc1+WEh7/lvzf7zGcUbHKXWf7zUGNc206NZIlBo76J2nRe7iTpjLWITP8CFmccicSnG1oRfIecQJDy0y78neSYxCFsU3ZClvJknf+bHpDRB8sPbDMb87w3tyZhmeFrKtaLnCyVKAKJu43TsmivhXWAk3Io+1P4P2RqUfqjea7G1aOGJETi8a7wyclUW1mMnAjRjyA28bmBGEGIyBVIPBB9JvYvJ5w5iYyfm3/LrUFBhroa9yD11EqWAO/Zkl6SocjpOBJBLtMJGgTwHhthkeNSw5zJAg+9CBYmBAmtlCdn7Z8v6ZkdvsHmZKnNusrjy5CTx9qVW5ocb9bjYqmw6rAm8SDHCjK1z3nuxq7hRSEIFZ/t35aEBMmXsk121RL8tWRx+Y90UW61iPtyK1OTEMfvbSxL1NckDM2+8X+sk7nVaZVlqWmByglE1M3LKZal3GK2DJPoX/59UZ/DikM9tBnxPfH7IqtU3te4rkl4Yvw59hU+QlYPqc2mNmVQUJrOCUJsylMeU953FjHHI9kocitSbsJviszx0II0gkXXJY4+t1lXkcePN9HfTXEO9CeXf7ihJFyELkZgGQKQbmKT+CxM2d1ea7qg/Bns08n+HE8WgTab2mQHl+KXeJDmDPsISa+Y8qDSeHC1QYSYQ743RbWaJOlnkt4s6Uk9jr0tWco3hqZ4KPMVGjOPkPTWHvvrqqeLQGiDsVaIx8Oa1Nb1UOKoczdcTaQi/6wTZE9SXhcjMDkEaidLTEiTNPC3qb6B8uB5dCITuBuCJOULj2tesyDAHRN4H9akvO22ZCk/ZYMQ5oeySvL5situco+U3juMBYlDC6wT3M2QpFKCobcZfE4q2h6Q2Ka9Ie8NKzJtzmHPGRJbtzUQAnNZuDyIPpql8ADeKVmYQhcp9E/YKJonfDjddlCK+4nlw5s21qShdE7akqW4bpHKOkGiEDu+XyDpVilodKCPhJspGAGIEbpJYU0t4Xh9V3DlZKkmyxL4MG+8IE35RbWreXY9E0VgLmSJ6XmqJPR8onxX0p8VHgiKFQmig8sB0oMZOw9cJeEtrqpcKynG99LGqbchligkiOBA3oyXlfzBeUjSxWpeiwo75I+yjfbTEGN2G/0jgIsKkgSh4HOAFMZUTrm1RSdPM1KbZQkMPi3pLinQ+xZtQfF1RqAUBOZElsA836hjDkp0yRGPxFtzkCQIU8Rj8DfGwTHeeyxYSJApxjTGaSA2MAjTKrIUJnmsR7de8kHI54kAbwK9XeaHQO5yCwvplOOSVs1gvuZrfC7n7vUaxze/T+fMRjzHRfvydGQ+pprN+PAB4nnaLK38DboZtMqpvqckt1SzLkjKqckK06advq7JCd2iNk5O1jz+t4qkQgghVRGYT5A3FjSXeSAAScLSgjUJPRosSVMQltxmdmonS/sk9zoY8SKISrmLEZgMAnMkS0xOU1KAv40tBBenwNgcInCbByiCYFiQ7txYVRy5J5ULgd4EdP+ggFWXq9s2u5PryNDXdWrAuebSLyT9zYCxVwVAOdsuELx9gCS0drCO1hSXtGpSw/Kyzo095YXxmWQRr03CZcpz4r63RGCuZAl4FqXaGMMlB2n4Xib5HoSD+IxmgSD9c4rbeG8Hqtstl0nry7As4YYjQLVZ2PjQhKIck6wFqyoGl3+V9FvZRcRwndi6N75wSgiEVRVBxsMkfaDCuKQ2ZImXJbCosWApxEpImfPeU+PcVj+muS9Y3ubYgHMdpidKOn7AmSf5L8SHwskvCAJE4dz0BcmIE2L8reSCqwSy1yR6PCB5UEZpG8CKwjhu0yhnSdqvZADct40RgBhwQAG3W63B221AwYKGVa1mslSr8Gab+fU1E0dg7mSJ6cPCxMN632wufQJrZwv7c+m2O2S3E39ydkZI2RBxL7Ytef447sF6dfd0qqZtHb6uPAR4QYEcsBZCL2mMQwmlIINWFAc7iFVcZFUupZ/b9OMaKbEteeQIHeCEsosRmAQCJkuXTdNXJO2dfv2+pGtNYgbL6uQinaWmKOhO8l5hebtvNtQvpo12zptrWTPfvjeQZ15OIEk16iW1R2LXK8NNXTNZYsQhSOu4pZ2uFN83CgImS7vCnuclW3W0fZTJmkCj56Q+hiRAHtTNv7bZCCI4NGBAJ4s3075VyScA+2S6GLphuGEhB7hna5UC2HRSgiyNETe5aV+3uf7FSf8Nlz2HamrTy9oGG99bMAImS7tPTi7Nz0ZMDNMPC57DkroGdhQeghRENNkgo2xz4hDXBPIJuE3zUvvmUtL87rQvzB0xa8Qn5ac9d1pfjfdBGjn5Wvt6vp+kU9IEOtyhxpVc6ZhMlnafWKwhp0m6XvrXopQclS6HrYeVW5Zwt+QkE4mDPJB+p401Y5ioZ+ig/J32fW73Md/hcmPstROBbeY3XNjoD9Usl0DWga8loLwetlkxvndQBEyWFsPNmzCbcmgBHSvpSOcoW7s2cWNSkA5oxiqRbRxL07YFEob7ppnixW+p2yLb3f15XBI/Y0mwy201vkGWuvqcdDeb3dcULnWeB4zXxQgUj4DJ0vIpam72fgtav5xzN1y4FbiL005sml2WO0o6PauQ9hbpO3XZputajwBuVywjzDfWREgSJ71cliOQW2G3cVVPBeMghsRphct+Kn13P2eKgMnS6onPdUG40oRpNV5npn+TIBe5gCibygVs8nFE0DMsgH74boJct9fmcUmQY142sBw4gHc9znMjS3G61S8469eGrygEAZOl9RPRVPpGK8QB34txizdGFLrR0InS99tyHpRvQrt+TXd5RZ7PkHpxuUGUas/l1jWG8XKxE2mNLvsyRF1htb9A0vWHaNBtGIFtETBZaodg7pJzwPdyzCJmiXXFyR5KV4Hdq2aqGZTvxLvt1vU2VzWDtyPhrbWvNkcVwmmytDluvsMIDIaAyVJ7qEla+8B0OQKJ729/62yuxMKzRyMlSZs8cF0AlGdtpz4HfHeB6u51NEkSZDhcbv20WH+tuR5Z21RAU0YlD28gztBaW1OezZn03WSp/UTvL4lTHBQrfC/GjZilGzbUz4d0KxwliaPXFMcvtV/bba4krgatJHK48bPjktqg1u6aPGZpDmTp9pJ4VjjXY7v14asKQMBkabNJwL3zsHSLY2N2xw7LEqfUrpL+NYQLrtkLtJ4iz59TKmy2vhdd3bQkcQ1rnxNvDt7eHt+oIeL95mBpyV88vQd1t4ZcU48IeKFuDm4EE/skx+7YfVoSD8LLp38dnwQjN0d5uzvyE3ImtTvDkjiaSHRLDViSON2Gy80kaWeYrroryNKQltjuR9GuxtwN1/fhj3Y98lVGYA0CJkubLxHEKf823eYP+q74cbrlutmfUEG/cHOIt74jP8GIy/TgZPLfuuIZVICbDZLEhhYkyTIA/U986JLN4ZlyA0nnSbqSpPtLQkrAxQgUjYDJ0ubTkwcSz0Ftty1CTU2qsRMRN3P8EfDtshyBSHIbKWkcuD3sakFq4TZJpLH2E4XEaPH5xHp5d0kfHRZqt2YENkfAZGlzzA6VdFy6zWRpV/x+JunK6U9YI3CBjVlyyQcH5e8+E2xakH8sSUGSPpHikay6PezKBW+sLHOwLIHst1P+Ted1HHadubUdImCytDlwn5R0QLqtT2XqzXs27h2oaBMrFAVX2DvH7dLFraP9FERgbGtXAXBc3IXI3UYqkigWkxx3dogHw7o3lxew70i6doqDc364cdeeW2+BgMlSC5AalyBKeaf0Nx9PvwycphvuWkliYXOEu7/DLrlLMGWO2JCxJlFwtWHR4GSbtW66X3eb1BhW0LkcSIiXmLEOgWwyN77WCCgnSwTBBtM3NMsRyN1wluu/DKemZelmks4vaCG9XRLWLspcNiTGilUN9w4EiRgRTrVBjNicIfs+2VbGIo2XjbmszZdJOkLSaZLuWsYUuBdGYDkCQZby00NPk/Rqg7YUgaYFBU2fc43Xxclsww1XoqxCCOHFVNWuwdS0IjFu3Ma4e2oPIJ7ixzFUvOfi2j8hEfgSnxVTXD/uc88IQJZIDIsy9S1TW7VvIl1AGpoo1HWYpGO7qHTideQkstRg6n0kEbcUpbYYJmKRws2GFSkKKWfsaiv7A8bcfUsSWmX3KrurnfQud407HKQTSF1JnwiwSPNNzkRpPdoQoydll83l9Mo6ZF4q6VnpIqwXpQZtNi2DdHnqJ3LQRoIk8T1KiEiaJK1bueX8P+LG4kBCOT3rvie2LHWPqWvsEQHIUn682hv/arA5Bfc2SYiqUYj3IJeTy67rqPS4CyxMxDBFWhTm732SXiTpcxOZTCxHQZDyzZWgbQgShNXxSBOZzNRNgu0PlETKk9rnLvYdH5KZ1hqdbW8hS4+T9IaEAElQMQW7LEYgNx1zBQGKrzBYFyOQY1OyZSmmC6XxR0l6cWP+/knSQZKuKum/Cppb3DRspFiPsI41rQ/WRyposnbYFUgumldzyA8XliWfhtvhYvFtwyIAWfp9SV9IzaJyjCvOZXcEmkTJH/LdMUI75ZdJlXcqQe+QplMbViZGxhsvBCR+HjooGkKEojOkiJ/zGKRAHisSxJQvH/2f/lML3aujZyJMGadTXyLpudOfOo+gdgQisC6IgAlAO4uSTcf1fTKQhDg8O+jQHOHPU547SAmpKXCTsA540djGZQIZClLEz5CiyMu2COXQRoIg0Q+XehDAavjumUhbnCmJE6rPSG7jembRI6kSgSBLeb6zqQe7djlRvOlhbds/qxQ35VOTmF+XbbmuMhDgzZ5Na5MgWwgUX6FbFCSGzxdEaq80NOrki/VEEtFVpCi3HlFvfNmCVMY66aMXIR+AmnoerN9HW2PXGSeKD8nCQMbuk9s3AksRyI9s5m6mObvjiAtBxO/eS6wMc8ZmTh8lgsCZa9bDHpL2lnS1HgHg9BokKyxX/Dy066/H4bnqlghAriESNR8cQRrhQwkPHypquTB82bgI5GSJzeBdKXZjThICETjLW/4qiwKaPJzyckzXuGt27NYjuBp3WbjNbrxhp3DdBTGCEIVbb8NqfHmFCERC3dtV7GbFe/E6SRdJukX6XuFUekg1IdAUA2Mj4JQCmwDk4AmSyIU2tQIBovCdr3CD8DNj43u+2a0bHyfeXuMg2nUwzfb/4V6L77HusBLEV7jqHGc022XSauAR5F1zLA+ubsZp9e5WS8IXlYDAIuVU9C/Qb4mYjU1imEh5gXozMVBBuPj+Gx0Pls2ITSiIDz9DfmKTCrK0TbM/SSdTOLUxlZNd24zX9xoBIzA+AjzHzk4uWFxUNZY4CTcnD0aN8zirMa2SmScFSgQ2fzXpCZ0lac+E0E8l3TRd84eSrrzg+PXUwMQ9glvEJ42mNnPurxGoBwEsLrh2a9Vbir1lCnps9awqj2QrBNbl5OEo9Saii7juQpsGCxO/Y/1B4C9Kbv3J3WX8n9/XxX8QCBuuDa7nwcLv15P036mRcLfxa7jgFgFFX3GL8EWswDZHwLeaCN9sBIyAEUgIhLp16Ur4O5kwDklwopiX7hrHtxNMfM8EEFhHlhgCqT0eKekekm4l6dppXN+VdJKkb6cvLDIQpBJL7pYLglViP90nI2AEjEBICPDyVlvqkzw3I/piX/R0G4EpINCGLE1hHO6jETACRqAmBHBRETtam/Xl2ZJQ7T4vnYSrac48looRMHgNg/cAAAQWSURBVFmqeHI9NCNgBCaLQK3WpS8n/bpXS3raZGfHHZ8dAiZLs5tyD9gIGIGJIFCbdelgSR9M2FvcdyKL0N28BAGTJa8EI2AEjECZCGBd4vAJit41xC4dJ4kcjJyq3q9MyN0rI7AYAZMlrwwjYASMQLkIvFLS0yUdk4Qcy+3p6p6RNJfkuRTcb7jhXIzAZBAwWZrMVLmjRsAIzBCBPHaJFChTTaT8KUl3TfN3HUmcpnYxApNBwGRpMlPljhoBIzBTBCJ2Cc27IyaIwUMkodpNeYqk105wDO7yzBEwWZr5AvDwjYARmAQCxC1RpvbM3kPS+yShr2S5gEksNXdyEQJT++B5Fo2AETACc0Tgyckic7wk8nVOpURiYPoLYYoMD1Ppv/tpBCb5luJpMwJGwAjMEYF7SvpwGvgdJH1+AiCQLYF8mzdKycghS6VmeZgAnO7imAjYsjQm+m7bCBgBI9AegcgZd6ykw9rfNtqV0V86cLeUpHy0zrhhI7ANAiZL26Dne42AETACwyFAsvDTUsJxyAcaTKWWOMVH/3C9YVVyMQKTRcBkabJT544bASMwQwROkPQYSZyQe2zB43+PpPun/iF5UDKxKxhGd60UBEyWSpkJ98MIGAEjsB6Bm0s6VRKWm4dJOnn9LYNf8QBJ706tTl1Mc3Dw3GCZCJgslTkv7pURMAJGYBkCL5f0zELThhDU/fXkKvyxpNtOWEjTK9AIXIqAyZIXgxEwAkZgeggg8ojY42clPa+g4OmPSzowwfkMSaRrcTECk0fAZGnyU+gBGAEjMFMEsODgjoOgEPA9dgmlcfrhoO6xZ8Ptd4qAyVKncLoyI2AEjMCgCJwjad/U4iGS3jBo65c0huvtBVmi32+k029TzWM3AoRusnQETJZKnyH3zwgYASOwGoHTJd1R0kWSjpSEyvdQBaJEMHdIA5goDYW82xkUAZOlQeF2Y0bACBiBXhD4WEZYPiPpLr20smulSBggZRAFtW5OwtmiNAD4bmJYBEyWhsXbrRkBI2AE+kIgV8ymjT5Vs/P4JNo6JRGlvsbmeo3AqAiYLI0Kvxs3AkbACHSKwMMlvSWr8WhJJ3YoCnmopBdKuk5qA3kAkuVCnlyMQLUImCxVO7UemBEwAjNG4ChJHN2n/EgSUgMXppNznJ7btDxe0iMaaUv+UdKDN63I1xuBKSJgsjTFWXOfjYARMALrEXiqpAOSHtOiq8+U9H+Szk0SBN9Puk17pYtDL2lPSbfPKjhLEhart67vgq8wAnUgYLJUxzx6FEbACBiBZQgQiH2QpIMlXWMLmM6Q9A8WmtwCQd86WQRMliY7de64ETACRmAjBPaQtF/mSruRpKtK+qakIyT9UBIxSFEQvKS8UdJJBamEbzRoX2wEukDg/wGEHlByK8uFkQAAAABJRU5ErkJggg==');
INSERT INTO `valveinfo` VALUES ('FD/L-2019-000027', '广西南宁国发锅炉有限公司', '广西南宁横县马岭镇城南街', '陆光辉', '0771-7420998', '11011206', '双效浓缩IV蒸汽管道', '弹簧直载式', 'A4K8-16C', '1Mpa', '水', '1Mpa', 'ISG ZF001-2006', '1Mpa', '1Mpa', '离线校验', '压缩空气', '合格', 'w1', '未修理', null, null);
